texto;covid
Pego covid tocando numa objeto_contaminado;1
Pego covid através de meio;1
onde começou o covid;1
onde coemçou a infestação do covid;1
O vírus é transmitido através de meio;1
O que significa covid;1
comorbidade   pode ser motivo para tomar vacina?;1
COVID é uma família de vírus;1
como prevenir o contagio;1
covid começou na china;1
covid é doença grave;1
Covid é grave;1
covid é o virus SARS-CoV-2;1
Covid é um vírus grave;1
covid é uma arma quimica;1
Covid é uma doença grave;1
covid é uma gripe forte;1
covid foi criada em laboratorio;1
covid vem do pangolim;1
covid vem do morcego;1
descreva covid;1
fala do covid;1
O que é COVID-19?;1
O que quer dizer covid;1
o que são os virus da família covid;1
covid veio da china;1
quais os virus comuns da família covid;1
Qual a chance de pegar a forma severa da covid;1
quais os virus mais comuns que infectam humanos;1
quais os covid mais comuns;1
Posso pegar covide não perceber;1
pode me dizer o que é covid;1
quais são os meios de transmissão da covid;1
como pega covid;1
como a covid é trasmitida;1
como eu posso ser contaminado;1
Como prevenir o covid;1
Como prevenir;1
Que exame comprova o covid?;1
Como é o Diagnóstico do covid;1
Como saber se tenho covid?;1
Como saber se estou contaminado?;1
Quais os sintomas da covid?;1
O covid-19 pode reduzir o meu nível de CD4?;1
Tenho HIV corro mais risco?;1
Com HIV o covid-19 pode ser mais grave?;1
Pessoas Com HIV correm mais riscos?;1
a pandemia tem a cobertura de quais laboratórios para a contraprova da covid;1
a pandemia tem a cobertura de quais laboratórios para o diagnostico da covid;1
quais os laboratorios estão atuando na comprovação do diagnostico da covid;1
Quais os laboratórios fazem os exames para a comprovação;1
quais os laboratorios capacitados a realizar os exames para covid-19;1
quais os laboratorios credenciados a realizar os exames para covid-19;1
quais os laboratorios estão fazendo os exames para identificar o covid-19;1
quais os laboratorios fazem o exame de comprovoção do covid-19;1
meu teste vai para exame de comprovação em qual laboratorio;1
Posso fabricar meu próprio álcool em gel?;1
Como produzir álcool em gel?;1
Como fazer álcool em gel caseiro?;1
Receita álcool em gel OMS;1
A OPAS ou a OMS divulgaram uma receita de gel pra fazer em casa?;1
Minha oximetria está baixa;1
Se eu ficar doente o que fazer?;1
Estou me sentindo gripado o que faço?;1
Estou com sintoma o que faço?;1
Não estou sentido o cheiro das coisas;1
Não estou sentindo o gosto das coisas;1
Funcionário doente no trabalho;1
O que posso fazer para evitar a propagação da COVID-19 no meu local de trabalho?;1
Como se prevenir do coronavírus?;1
Como evitar covid-19 no trabalho?;1
Como não pegar covid-19 no trabalho?;1
Como identificar que estou com covid;1
Principais sintomas;1
Onde pega covid;1
Como pega covid;1
Uma pessoa do meu trabalho foi diagnosticada com covid posso ter me contaminado;1
Tive contato com um paciente de covid posso estar contaminado;1
Conversei com uma pessoa com covid posso pegar;1
Estou com sintoma é covid?;1
Quais os principais sintomas da covid;1
Que sintoma tem a covid;1
Como posso saber se estou com covid;1
Tive sintoma é covid;1
Dinheiro transmite covid-19;1
Dá pra pegar covid-19 pelo dinheiro;1
posso pegar o virus no onibus / Uber / supermercado / padaria / açougue/ lotéricas / bancos / praças;1
Se eu entrar num elevador depois de uma pessoa contaminada posso pega pelo ar;1
posso pegar virus de conta de água luz condomínio;1
posso pegar virus de embalagens dos correios;1
se eu varrer (ou limpar) um ambiente contaminado posso pegar o virus da poeira levantada;1
o tapete de meu carro pode conter virus e me contaminar;1
ar condicionado pode provocar a contaminação do virus;1
posso pegar covid em bebedouro de água no trabalho;1
posso pegar covid pelos meus óculos sujos;1
posso contrair covid na troca de curativos;1
protejo sempre a boca com máscara posso pegar pelos olhos/ouvidos/feridas na pele;1
posso pegar covid pela conversa com outra pessoa;1
se minha máscara estiver úmida corro o risco de ser contagiado;1
É possível pegar COVID-19 de uma pessoa que não apresenta sintomas;1
Posso pegar COVID-19 de fezes de alguém com a doença;1
Posso pegar coronavírus utilizando banheiro público;1
Se eu abraçar meu filho ele pode pegar;1
Posso pegar covid-19 colocando a mão no rosto;1
Tossir pode transmitir covid-19;1
Pegar covid-19 de assintomático;1
Assintomático transmite covid-19;1
minha parente tem covid-19 mas não tem sintoma;1
Quem não tem sintomas pode transmitir covid-19;1
As gotículas do espirro podem ficar em suspensão e contaminar quem passa;1
Meu/minha parente tem covid-19 mas não tem sintoma;1
Dá pra pegar covid-19 com moedas;1
Dá pra pegar covid-19 por cédula;1
Tive sintomas é coronavírus;1
Como o vírus responsável pela COVID-19 se espalha;1
Os coronavírus podem ser transmitidos de pessoa para pessoa;1
Qual a distância segura para não ser contaminado;1
Qual a distância mínima para não ser contaminado;1
Que distância devo manter para não ser contaminado;1
Como acontece a circulação do virus;1
Como acontece a circulação do coronavírus;1
recebi uma encomenda da china devo tomar cuidado;1
É seguro receber um pacote de qualquer área em que a COVID-19 tenha sido notificada?;1
É seguro comprar coisa da China?;1
É seguro importar de países com covid-19?;1
Minhas encomendas de área de risco via transportadoras pode vir contaminadas;1
compras de área de risco pela internet pode vir contaminadas;1
compras via e-commerce de área de risco pode chegar contaminadas;1
minhas encomendas postais de área de risco pode ser contaminadas;1
minhas encomendas de área infectadas via correios pode ser contaminadas;1
entregas postais localidades de risco podem conter virus;1
embalagens de sedex de produtos oriundos da china podem conter virus;1
embalagens de sedex de produtos chineses podem estar contaminadas;1
encomendas de produtos produzidos na china podem chegar com embalagens contaminadas;1
Quem está em risco de desenvolver doenças graves?;1
Fumantes e usuários de produtos de tabaco correm maior risco de infecção por covid?;1
sou obeso COVID_risco_doenca_grave;1
posso levar o virus pra dentro de casa após caminhada por espaço externo;1
debaixo das minhas unhas posso portar o virus mesmo após uso do alcool gel;1
meu cabelo pode manter o virus vivo ativo;1
minhas pele manter o virus vivo ativo;1
minhas roupas pode manter o virus vivo ativo;1
Preciso higienizar sacolas plásticas do supermercado?;1
Quanto tempo o virus sobrevive em objetos?;1
Preciso limpar as embalagens de comida de delivery?;1
Deixar a roupa no sol mata coronavírus?;1
Preciso lavar as embalagens do mercado?;1
Quanto tempo o vírus sobrevive em superfícies?;1
O virus permanece em ambientes fechados por tempo indeterminado;1
Se tocar as superfícies no ônibus corro risco de pegar covid-19?;1
Toalha de rosto compartilhada pode passar covid-19?;1
Devo lavar as roupas quando chegar em casa?;1
As frutas e verduras podem estar infectadas?;1
Os produtos do supermercado podem estar infectados?;1
Preciso passar álcool gel na sacola do supermercado?;1
posso levar o virus pra dentro de casa após tocar em espaço interno;1
Como se cadastrar no Cadastur;0
Gerar Cadastro no CADASTUR;0
incluri um novo exemplo de treinamento;0
Cadastur - Documentação exigida;0
Qual a finalidade do Cadastur;0
O Cadastur é obrigatório para;0
O Cadastur é opcional para;0
o que é o registro cadastur;0
O que é o Cadastur;0
Cadastur o que é;0
cadastur;0
cadastrotur;0
cadtur;0
cadtrur;0
cadastrur;0
explique-me o que registro cadastur;0
defina-me registro cadastur;0
registro cadastur é o que;0
Validade do Cadastur;0
quero cadastrar;0
cadastrar;0
gerar cadastro;0
alimentar cadastro;0
inserir cadastro;0
completar cadastro;0
preencher cadastro;0
fazer cadastro;0
queria cadastrar;0
so quero fazer o cadastro;0
cadastrar agora;0
me ensine a fazer o cadastro;0
como fazer o meu cadastro;0
como me cadastro;0
quero gerar meu cadastro;0
como faço para me cadastrar;0
como cadastrar;0
PREENCHER O CADASTRAMENTO;0
FAZER O CADASTRAMENTO;0
cadastramento;0
criar cadastro;0
login fala.br;0
registrar denuncia ouvidoria;0
acionar ouvidoria;0
falar com a ouvidoria e acesso a informação;0
ouvidoria;0
ouvidoria e acesso a informação;0
Controladoria geral da União;0
CGU;0
central de atendimento ao cidadão;0
Fala.BR - Plataforma Integrada de Ouvidoria e Acesso à Informação;0
atendimento ao cidadão;0
atendimento ao usuario;0
atendimento ao cidadao;0
queria denunciar o descumprimentos dos protocolos de higiente orientados pelo Selo;0
posso denunciar o descumprimentos das medidas de higiente orientadas pelo Selo;0
Denuncio o descumprimento do protocolo das medidas de proteção e segurança sanitária;0
como denunciar o descumprimento das medidas de proteção e segurança sanitária recomendadas pelo selo;0
quero denunciar o descumprimentos das medidas de higiente orientadas pelo Selo;0
Gostaria de fazer uma denúncia referente a um estabelecimento que não cumpre as normas de saúde.;0
denúncia referente a um estabelecimento por descumprimento de medidas de proteção e segurança sanitária;0
vendi meu estabelecimento e não quero continuar sendo o responsavel;0
fechei meu estabelecimento e quero cancelar o selo;0
tem como eu excluir minha adesão ao selo;0
quero retirar minha adesão ao selo turismo responsavel;0
É possível o prestador de serviço turístico retirar sua adesão ao Selo?;0
não tenho mais o interesse em usar o selo em meu estabelecimento;0
não quero mais ase filiado ao programa selo turismo;0
desisti de participar do programa selo turismo responsavel;0
vou cancelar meu selo como faço;0
quero me desfiliar do programa selo turismo responsavel;0
quero me desligar do programa selo turismo responsavel;0
quero sair do programa selo turismo responsavel;0
como faço para cancelar meu selo turismo reponsavel;0
meu estabelecimento faliu e quero sair do programa selo turismo;0
não estou conseguindo ter acesso a todo o material publicitário por download.;0
deu erro na emissão do selo;0
não apareceu nada quando selecionei exportar as peças promocionais;0
Após a emissão cliquei em exportar peças promocionais e nada apareceu;0
Não consigo emitir o Selo ocorre erro;0
o selo aparece sem o QR code. Como proceder?;0
Já aderi ao Selo e preciso das peças promocionais o que fazer;0
não aparece a opção para exportar as peças promocionais;0
Não obtive sucesso em exportar as peças promocionais;0
NÃO SEI SE MEU SELO CONTINUA ATIVO COMO VERIFICO;0
COMO SABER SE MEU SELO CONTINUA ATIVADO;0
COMO SABER SE MEU SELO ESTA OPERANTE;0
PRECISO SABER A SITUAÇÃO DO MEU SELO SE ATIVADO OU DESATIVADO;0
TEM COMO VER O STATUS DE ATIVAÇÃO DO MEU SELO;0
COMO VERIFICAR SE O SELO DO EMPREENDIMENTO CONTINUA ATIVO;0
COMO VERIFICAR SE O SELO DO EMPREENDIMENTO ESTÁ ATIVO;0
QUERO VER SE O SELO ESTA ATIVO PARA OS TURISTAS;0
COMO SABER SE MEU SELO CONTINUA ATIVO;0
COM O VERIFICO SE MEU SELO ESTA ATIVO;0
COMO FAÇO PARA SABER SE O SELO ESTA ATIVO;0
Como saber se o Selo está ativo para o prestador?;0
COMO EU VEJO SE O SELO ESTA ATIVADO;0
PARA SABER SE O SELO ESTA ATIVADO COMO PROCEDER;0
quais os protocolos necessarios para garantir a proteção e segurança sanitária;0
Protocolos necessários por tipo de estabelecimento;0
quais os Protocolos necessários;0
quais são protocolos praticados pelo programa selo turista responsavel;0
quais são protocolos estabelecidos pelo programa selo turista responsavel;0
quais os protocolos exigidos nos empreendimentos turisticos;0
quais os protocolos devo seguir no meu estabelecimentto;0
quais são os protocolos recomendados;0
quais são os protocolos gerais;0
quais são os protocolos especificos;0
quais são os protocolos transversais;0
quais são os protocolos setorias;0
onde pesquiso os protocolos para os hoteis;0
quais são os protocolos e medidas de proteção e segurança para hospedagem;0
tenho um hotel qual o protocolo devo seguir;0
tenho um hotel qual o protocolo a praticar;0
qual o protocolo tenho que adotar para meu hotel pousada;0
hoteis devem seguir qual protocolo;0
quais são os protocolos de melhores praticas para hospedagem;0
quais são as medidas especificas do protocolo para hospedagem;0
os hoteis devem seguir medidas especificas do protocolo;0
os hoteis tem um protocolo especifico;0
existe um protocolo especifico para meios de hospedagem;0
meios de hospedagem;0
o setor hoteleiro possuira um protocolo especifico;0
recomendaçoes para os hoteis;0
hostalagem;0
albergaria;0
hospedaria;0
flotel;0
albergues;0
moteis;0
resorts;0
pensões;0
pousadas;0
estalagem;0
estalagem pousadas pensões;0
hoteis;0
protocolos para hotelaria e hospedagem;0
protocolos para as rede de hoteis;0
protocolos para os hoteis;0
protocolos para hospedagem;0
recomendações para resorts;0
recomendações para hospedagem;0
recomendações para hotel;0
as recomendaçoes para aos meios de hospedagem;0
onde acho o protocolo para o setor hoteleiro;0
onde pesquiso os protocolos para o setor hoteleito;0
onde consigo ver os protocolos par ao setor hoteleito;0
E o setor hoteleiro qual protocolo deve seguir;0
qual o protocolo a ser seguido pelo hoteis;0
qual o protocolo para o setor hoteleiro;0
o setor hoteleiro possuira um protocolo unico;0
o setor hoteleiro cumprirá protocolo especifico;0
qual o protocolo recomendado para os meios de hospedagem;0
qual o protocolo recomendado para os hoteis pousadas resorts;0
quais são os protocolos estabelecidos para o ramo da hotelaria;0
protocolos para os setores de Meios de Hospedagem;0
o interessado deve atender às orientações previstas no protocolo destinado à atividade turistica em que atua;0
por meio de auto declaração que atende aos pré-requisitos que lhe permite solicitar a adesão ao Selo;0
COMO OS EMPREENDIMENTOS PODERÃO aderir para ter ACESSO A ESSE SELO?;0
dada novas orientações de higiene como farei para me atualizar;0
como se dara as atualizações no protocolo;0
o protocolo tera atualizações frequentes;0
o protocolo sera atualizado;0
o protocolo muda;0
O protocolo é um documento único ou pode ser atualizado?;0
quando tiver outras recomendaçoes de higiene como as atualizarei;0
como sera a atualização quando eu for informado de novas medidas de higiene;0
como atualizar quando eu for informado de novas medidas de higiene;0
quando eu for informado de novas recomendaçoes de higiene como atualizar;0
Como vou me manter atualizado para as novas orientaçoes de higiene divulgadas pelo Mtur;0
saiu novas orientaçoes de higiene como vou atualizar meu selo;0
como ficarei sabendo se houve novas orientações para o meu tipo de estabelecimento;0
como ficarei sabendo se houve novas orientações de higiene para aquele tipo de estabelecimento;0
Sempre que o Ministerio do Turismo divulgar novas orientações de higiene devo atualizar o selo;0
Sairam novas o orientações de higiene divulgadas de Mtur o que fazer;0
o selo sempre devera ser atualizado quando surgir novas orientações de higiene;0
caso surjam novas orientações de higiene como atualizar o selo;0
caso surjam novas orientações de higiene preciso imprimir novo selo;0
se as medidas de higiene sanitaria forem atualizações preciso fazer o dowload do selo novamente;0
quando as medidas de higiene sanitaria forem atualizações preciso baixar novo selo;0
as medidas de higiene sanitaria do protocolo terão atualizações frequentes;0
as medidas de higiene sanitaria recomendadas pelo selo terão atualizações frequentes;0
as medidas de higiene sanitaria estabelecidas pelo selo terão atualizações frequentes;0
O protocolo estabelecido pelo selo terá atualizações;0
O PROTOCOLO É UM DOCUMENTO ÚNICO OU PODERÁ SER ATUALIZADO?;0
QUAIS OS CRITÉRIOS observados pelo MINISTÉRIO DO TURISMO PARA FORMULAÇÃO DESSES PROTOCOLOS;0
QUAIS OS CRITÉRIOS UTILIZADOS PELO MINISTÉRIO DO TURISMO PARA FORMULAÇÃO DESSES PROTOCOLOS?;0
QUAIS OS CRITÉRIOS UTILIZADOS PELO MTUR PARA FORMULAÇÃO DESSES PROTOCOLOS?;0
Os protocolos propostos FORAM submetidos ao crivo técnico da Agência Nacional de Vigilância Sanitária (Anvisa) e do Ministério da Saúde.;0
Os protocolos FORAM VALIDADOS PELA Agência Nacional de Vigilância Sanitária (Anvisa);0
A adoção dos protocolos do selo levou em consideração medidas adotadas por entidades internacionais similares;0
A adoção dos protocolos de levou conta os protocolos medidas adotadas por entidades internacionais;0
Os protocolos propostos FORAM VALIDADOS PELO Ministério da Saúde.;0
CRITÉRIOS PARA FORMULAÇÃO DOS PROTOCOLOS foram validados pela anvisa;0
qual a validação do protocolo;0
Os protocolos propostos FORAM validados PELA Anvisa;0
os protocolos foram construídos em conjunto com os profissionais do setor;0
os protocolos que regem o selo teve o de acordo da anvisa;0
A criação dos protocolos levou em consideração medidas adotadas por entidades internacionais similares;0
Os protocolos foram submetidos ao crivo técnico da Agência Nacional de Vigilância Sanitária - Anvisa;0
o uso do SELO REPRESENTA CUSTO adicional NO VALOR DOS SERVIÇOS TURÍSTICOS?;0
O SELO REPRESENTARÁ UM CUSTO A MAIS NO VALOR DOS SERVIÇOS TURÍSTICOS;0
terei custos adicionais com as medidas impostas pelo Selo posso cobrar nos serviços;0
terei custos adicionais com as medidas impostas pelo Selo posso embutir nos serviços turisticos;0
terei despesas adicionais com os protocolos de higiente posso embutir os custos nos serviços turisticos;0
como o selo posso ratear as despesas de higiene nas taxas de serviço;0
posso ratear as despesas de higiene nas taxas de serviço depois que eu aderir ao Selo Turismo responsavel;0
posso ratear as despesas de higiene nas taxas de serviço depois que meu empreendimento aderir ao Selo Turismo responsavel;0
tenho o selo como farei para compensar as despesas extras com as medidas de higiene;0
o selo exigiu varios controle de higiene como faço para compensar as despesas extras;0
o selo exigiu varias medidas de segurança e higiene como faço para compensar as despesas extras;0
como farei com as despesas extraordinarias depois que aderi ao selo turismo responsavel;0
O governo reduzira impostos para compensar as despesas extraordinarias impostas pelo uso do selo;0
A DIÁRIA TERÁ UM VALOR MAIOR para quem aderir ao selo turismo responsavel;0
A DIÁRIA TERÁ UM VALOR MAIOR para remunerar as despesas com medidas de higiene;0
A DIÁRIA TERÁ UM VALOR MAIOR para compensar as despesas com medidas de higiene;0
Posso aumentar o valor das diárias para cobrir os custos como as medidas de segurança do selo;0
Posso aumentar o valor das taxas de serviço com as medidas de higiene impostas pelo Selo;0
com as medidas de higiene impostas pelo Selo Posso aumentar o valor das taxas de serviço;0
O governo reduzira impostos para compensar as despesas extras com as medidas de higiene exigidas pelo Selo;0
há perspectiva de acréscimo no valor dos serviços prestados apos adoção das medidas;0
Após a adoção das medidas recomendadas há perspectiva de acréscimo no valor dos serviços prestados;0
Após a adoção das medidas recomendadas há previsão de aumento no valor dos serviços prestados;0
TEREMOS VARIAÇÃO NAS TAXAS DE SERVIÇOS DEVIDO AO CUSTO ADICIONAL IMPOSTO PELO PROTOCOLO;0
TEREMOS VARIAÇÃO NAS TAXAS DE SERVIÇOS DEVIDO AO CUSTO ADICIONAL IMPOSTO PELAS MEDIDAS DE HIGIENE;0
OS PREÇOS TERÃO ACRESCIMOS DEVIDO A IMPLEMENTAÇÃO DAS MEDIDAS SANITARIAS;0
OS PREÇOS TERÃO ACRESCIMOS DEVIDO A IMPLEMENTAÇÃO DAS MEDIDAS DE HIGIENE;0
OS PREÇOS SERÃO ACRESCIDO DEVIDO AO CUSTO DOS MATERIAIS DE HIGIENE SANITARIA;0
E OS PREÇOS SERÃO COMPROMETIDOS PELO MAIOR GASTO DE PRODUTOS DE HIGIENE SANITARIA;0
E OS PREÇOS SERÃO COMPROMETIDOS PELO MAIOR GASTO DE PRODUTOS DE LIMPEZA E HIGIENE;0
OS PREÇOS SOFRERÃO AUMENTO DEVIDO O MAIOR CONSUMO DE PRODUTOS DE LIMPEZA E HIGIENE;0
A DIÁRIA TERÁ UM VALOR MAIOR NOS ESTABELECIMENTOS COM COM SELO;0
HAVERA VARIAÇÃO NAS TAXAS DE SERVIÇOS DEVIDO AO CUSTO DAS MEDIDAS IMPOSTAS PELO SELO;0
TEREMOS VARIAÇÃO NAS TAXAS DE SERVIÇOS DEVIDO AO CUSTO ADICIONAL IMPOSTO PELO SELO;0
ESTE SELO REPRESENTARÁ UM CUSTO A MAIS NO VALOR NAS TAXAS DE SERVIÇOS TURÍSTICOS?;0
O SELO IMPLICARA NO AUMENTO DAS TAXAS DE SERVIÇOS;0
COM O SELO OS ESTABELECIMENTOS AUMENTARÃO AS TAXAS DE SERVIÇOS;0
AS TAXAS DE SERVIÇOS SERÃO AFETADAS COM A ADOÇÃO DO SELO;0
HAVERA VARIAÇÃO NAS TAXAS DE SERVIÇOS DEVIDO AS MEDIDAS IMPOSTAS PELO SELO;0
onde vejo as medidas especificas para aquele tipo de estabelecimento;0
COMO OS CLIENTES VÃO SABER O QUE EXIGIR DO ESTABELECIMENTO EM RELAÇÃO À HIGIENE?;0
O QUE OS CLIENTES PODERÃO EXIGIR DO ESTABELECIMENTO EM RELAÇÃO À HIGIENE;0
OS CLIENTES PODERÃO EXIIGIR boas práticas de higienização para cada segmento do setor turistico;0
COMO OS CLIENTES PODERÃO EXIGIR A CONFORMIDADE RELACIONADAS AS boas práticas de higienização;0
AS boas práticas de higienização PODERÃO SER EXIGIDAS PELOS CLIENTES;0
Como saber estão em conformidade com com as medidas para aquele tipo de estabelecimento;0
SERÁ FACIL EXIGIR A CONFORMIDADE DOS ESTABELECIMENTOS COM BASE NOS PROTOCOLOS;0
qto custa o selo;0
qto custa um selo;0
Precisa pagar?;0
É de graça?;0
É gratuito?;0
Tem algum custo?;0
tem custo;0
qual A TAXA cobrada pelo selo TURISTA RESPONSAVEL;0
preciso pagar para pedir o selo TURISTA RESPONSAVEL PARA O MEU ESTABELECIMENTO;0
tem taxa para obter o selo TURISTA RESPONSAVEL;0
tem taxa para usar o selo TURISTA RESPONSAVEL;0
Tenho que pagar para ter o selo TURISTA RESPONSAVEL em meu empreendimento;0
preciso RECOLHER ALGUMA TAXA para PARA ADERIR AO PROGRAMA selo TURISTA RESPONSAVEL;0
preciso RECOLHER ALGUMA TAXA para ter o selo TURISTA RESPONSAVEL;0
preciso pagar para ter o selo TURISTA RESPONSAVEL;0
HÁ PAGAMENTO DE TAXAS PARA ADERIR AO PROGRAMA SELO TURISTA RESPONSÁVEL;0
O INTERESSADO EM USAR O SELO PRECISA PAGAR ALGUMA COISA?;0
eu pago alguma taxa para usar o selo TURISTA RESPONSAVEL;0
para ter o selo TURISTA RESPONSAVEL quanto tenho que pagar;0
para PEDIR o selo TURISTA RESPONSAVEL quanto tenho que pagar;0
para REQUERER o selo TURISTA RESPONSAVEL quanto tenho que pagar;0
quero ter o selo qual o valor do selo TURISTA RESPONSAVEL;0
qual o valor cobrado pelo selo TURISTA RESPONSAVEL;0
O interessado em tirar o selo precisa pagar alguma coisa?;0
Quanto custa pra tirar?;0
Quanto pago pra tirar?;0
o quanto terei que pagar para tirar;0
Quanto custa o selo?;0
qual o valor do selo;0
Quanto custa um selo?;0
quanto custa 01(um) selo;0
quanto custa dois selos;0
quanto custa tres selos;0
qto pagarei;0
quanto pagarei;0
qto pago;0
quanto paga;0
TEM O SEL MAS NÃO SEGUE O PROTOCOLO DE HIGIENE E CUIDADOS;0
TEM O SELO VISIVEL MAS NÃO SEGUE AS MEDIDAS DE HIGIENE;0
TEM O SELO VISIVEL MAS NÃO SEGUE O PROTOCOLO DE SEGURANÇA;0
PRA QUE O SELO NÃO ESTÃO CUMPRINDO O PROTOCOLO;0
IRREGULARIDADE DE CONTROLE EM EMPREENDIMENTOS COM SELO;0
SE O TURISTA IDENTIFICAR ALGUMA IRREGULARIDADE EM UM LOCAL QUE USA O SELO;0
O TURISTA IDENTIFICAR ALGUMA IRREGULARIDADE O QUE DEVERÁ SER FEITO? COMO PROCEDER;0
SE O TURISTA IDENTIFICAR ALGUMA NÃO CONFORMIDADE EM UM LOCAL QUE USA O SELO O QUE DEVERÁ SER FEITO?;0
O LOCAL ONDE ME HOSPEDEI TEM O SELO MAS ESTA CHEIO DE IRREGULARIDADE O QUE FAÇO;0
O LOCAL ONDE ME HOSPEDEI TEM O SELO MAS ESTA CHEIO DE IRREGULARIDADE COMO PROCEDER;0
O SELO NÃO ADIANTOU DE NADA O EMPREENDIMENTO ESTA COM IRREGULARIDADES;0
O SELO NÃO ADIANTOU DE NADA O EMPREENDIMENTO NÃO ESTA CUMPRINDO OS PROTOCOLOS;0
O SELO NÃO ADIANTOU DE NADA O EMPREENDIMENTO NÃO ESTA CUMPRINDO AS RECOMENDAÇÕES;0
DE QUE ADIANTA TER O SELO SE LUGAR NÃO ESTA CUMPRINDO AS MEDIDAS DE HIGIENE;0
SERÁ OBRIGATÓRIO O USO DO SELO TURISMO RESPONSÁVEL;0
O MINISTÉRIO DO TURISMO PRETENDE TORNAR OBRIGATÓRIO O USO DESTE SELO;0
o selo é obrigatorio;0
sou obrigado usar o selo em meu estabelecimento;0
Obrigatoriedade;0
é obrigatorio;0
serei multado se não tiver o selo turista responsavel;0
e se eu não aderir ao selo turista responsavel o que acontecerá;0
qual é a lei que obriga ter o selo turista responsavel;0
tem alguma lei obrigando o uso do selo;0
tem alguma lei que obriga o uso do selo turismo responsavel;0
qual a punição para o empreendimento que não aderir ao programa Selo Turista Responsavel;0
heverá punição para o estabelecimento que não aderir ao programa Selo Turista Responsavel;0
sou obrigado a bubcar o selo;0
o uso do selo é obrigatorio;0
é obrigatorio usar o selo;0
nao tenho o selo turista responsavel terei que pagar multa;0
nao tenho o selo turista responsavel terei punição punições;0
sem o selo turista responsavel terei punição punições;0
estou obrigado a ter o selo turista responsavel visivel para os turistas;0
posso ser multado por não ter o selo turismo responsavel;0
posso ser fiscalizado por não ter o selo turismo responsavel;0
para meu estabelecimento voltar a funcionar preciso ter o selo;0
é obrigatorio usar o selo Turismo Responsavel para voltar as atividades;0
é obrigatorio usar o selo Turismo Responsavel para funcionar;0
sou obrigado a usar o selo em meu EMPREENDIMENTO;0
selo turismo;0
O que é o programa Selo Turismo Responsável?;0
defina Selo turismo responsavel;0
esse selo é o que mesmo?;0
Para que serve o selo turismo responsavel?;0
qual papel deste selo turismo responsavel;0
qual a finalidade do selo;0
qual a finalidade do Selo Turismo?;0
qual o papel do Selo Turismo na retomada da atividade turistica no Brasil;0
esse programa Selo Turismo responsavel adota medidas eficazes;0
a que se destina esse programa Selo turismo responsavel;0
qual a finalidade do programa que estabeleceu o Selo Turismo responsavel?;0
qual a finalidade do do programa Selo Turismo responsavel?;0
o que o governo brasileiro espera com o selo;0
o Brasil esta incentivando a adesão ao programa selo turista responsavel;0
o governo esta incentivando a massificação do uso do selo turista responsavel;0
o programa selo turista responsavel segue boas praticas de higienização dos ambientes;0
o que é o selo turismo responsavel;0
o que é o selo responsavel;0
selo;0
selo turismo responsavel;0
o que é o selo;0
o que é o selo turismo;0
o que é o selo responsavel seguro;0
programa turismo responsavel;0
programa;0
Pra que serve?;0
para que serve o selo;0
onde eu vejo quem ja associou ao protocolo do selo;0
existe algum site onde eu possa ver quais são as empresas que adotaram o selo;0
tem algum painel gerencial que diz quais empresas ja aderiram ao selo;0
onde acho a relação dos empreendimentos turisticos que aderiram ao selo turismo;0
onde acho a relação das empresas que aderiram ao selo turismo;0
onde consulto os estabelecimentos que ja aderiram ao programa selo turismo responsavel;0
quais os prestadores de serviços turisticos ja aderiram ao selo;0
quem ja aderiu ao selo;0
como saber quais empreendimentos que aderiram ao selo;0
como pesquiso os prestadores de serviços turisticos habilitados ao selo;0
como pesquiso os prestadores habilitados;0
COMO PESQUISO SE UM HOTEL JA ADERIU AO SELO;0
COMO PESQUISO SE UM EMPRENDIMENTO JA ADERIU AO SELO;0
NO MEU ESTADO QUANTOS EMPREENDIMENTOS TURISTICOS JA ADERIRAM;0
onde consulto os estabelecimentos que ja aderiram ao selo;0
Observei um aumento no número de selos no painel de acompanhamento;0
Observei uma redução no número de selos no painel de acompanhamento;0
COMO VERIFICO QUANTOS EMPREENDIMENTOS EM JÁ ADERIRAM O SELO;0
COMO CONFIRO QUEM JÁ ADERIU AO SELO;0
COMO BUSCO OS EMPREENDIMENTOS QUE JÁ ADERIRAM AO PROGRAMA SELO TURISMO;0
COMO FAÇO PARA SABER OS EMPREENDIMENTOS QUE JÁ ADERIRAM AO PROGRAMA SELO;0
COMO PESQUISO QUAIS EMPRESAS ADERIRAM AO PROGRAMA SELO TURISMO RESPONSAVEL;0
COMO CONSULTO QUAIS EMPRESAS ADERIRAM AO PROGRAMA SELO TURISMO RESPONSAVEL;0
COMO FUNCIONA O “PAINEL DE ADESÕES” DO SELO?;0
preciso saber quais empreendimentos fizeram adesao ao selo;0
vou viajar e quero pequisar quais estabelecimentos foram habilitados no programa Selo Turista Responsavel;0
vou viajar e quero pequisar quais estabelecimentos estão cadastrados no programa Selo Turista responsavel;0
preciso saber se um determinado estabelecimento adotou o selo;0
como consultar os estabelecimentos que ja adotaram o selo;0
onde eu vejo quem ja adotou o selo;0
existe um prazo para a emissão do selo;0
Prazo de entrega;0
previsão de entrega do selo;0
demora muito para eu receber o selo;0
QUANTO TEMPO ESSA SOLICITAÇÃO DEMANDA;0
quanto tempo demora para eu ter o selo;0
quanto tempo leva para liberar o selo;0
tenho que esperar quanto tempo para receber o selo;0
qual previsão de entrega do selo;0
terei que esperar quanto tempo até receber o selo;0
depois que eu efetivar a solicitação terei que esperar muito tempo;0
qual a previsão de prazo para eu ter o selo;0
quantos dias demora para processar o pedido do selo ate asua liberação;0
quanto tempo gasta do pedido ate a liberação do selo;0
quanto tempo gasta do pedido ate a autorização do selo;0
quanto tempo gasta do pedido ate a APROVAÇÃO do selo;0
DEPOIS QUE EU PEDIR O SELO QUANTO TEMPO ATÉ A SUA APROVACAO;0
como me cadastro para receber o selo;0
como me cadastro para conseguir o selo;0
como ter acesso ao selo;0
quero SOLICITAR o selo TURISTA RESPONSÁVEL;0
quero pedir o selo TURISTA RESPONSÁVEL;0
quero ME INSCREVER No PROGRAMA selo TURISTA RESPONSÁVEL;0
QUAL O PROCEDIMENTO PARA SOLICITAR O selo TURISTA RESPONSAVEL;0
QUAL A INSTRUÇÃO PARA SOLICITAR O selo TURISTA RESPONSAVEL;0
eu quero ter o selo EM MEU EMPREEDIMENTO;0
Como Fazer a Adesão ao programa de Selo Turismo Responsavel;0
como faço para SOLICITAR O selo TURISTA RESPONSAVEL;0
como EU faço para pedir o meu selo TURISTA RESPONSAVEL;0
COMO É O PROCESSO DE SOLICITAÇÃO DO SELO TURISTA RESPONSÁVEL;0
quero o selo TURISMO RESPONSAVEL para meu estabelecimento;0
quero CONSEGUIR TURISMO RESPONSAVEL para meu estabelecimento;0
quero PEDIR O selo TURISMO RESPONSAVEL para meu estabelecimento;0
Como participo?;0
como pleitear O selo TURISMO RESPONSAVEL;0
eu preciso do selo TURISMO RESPONSAVEL como faço O PEDIDO;0
quero solicitar meu selo TURISMO RESPONSAVEL.ME ENSINA;0
PRECISO DE AJUDA PARA pedir o selo TURISMO RESPONSAVEL;0
ME AJUDA A PEDIR O SELO TURISTA RESPONSAVEL;0
preciso de orientação para pedir o selo TURISTA RESPONSAVEL;0
onde posso pedir meu selo TURISTA RESPONSAVEL;0
QUE LUGAR POSSO pedir meu selo TURISTA RESPONSAVEL;0
qual é o procedimento para pedir meu selo;0
quais orientações devo seguir para obter meu selo;0
como me cadastrar para obter o selo;0
Solicitar o Selo TURISMO RESPONSÁVEL;0
E SE EU TIVER MAIS DE UMA EMPRESA NO SETOR DE TURISMO DEVO PEDIR MAIS DE UM SELO;0
DEVO PEDIR MAIS DE UM SELO SE EU TIVER MAIS DE UMA EMPRESA NO SETOR DE TURISMO;0
sou proprietario de outras empresas no setor turistico devo solicitar um selo para cada;0
tenho mais empresas no setor turistico devo solicitar um selo para cada;0
tenho mais empreendimentos de turismo peço um selo para cada;0
tenho varias estabelecimentos de turismo preciso ter um selo para cada;0
tenho mais empresas no setor turistico preciso de um selo para cada uma;0
preciso ter um selo para cada empreendimento;0
como faço para conseguir o selo;0
processo de solicitação do selo;0
O que é preciso para participar?;0
Eu quero;0
Como fazer?;0
O que é necessário?;0
como me cadastrar para receber o selo;0
o governo fiscalizar os EMPREENDIMENTOS para ver a conformidade com aS MEDIDAS NECESSÁRIAS propostas;0
o interesse no cumprimento do protocolo são dos proprios empreendedores;0
o interesse no cumprimento das medidas sanitarias de de proteção são dos proprios empreendedores;0
como se avalia se os empreendimentos estão seguindo os protocolos estabelecidos;0
como se avalia se os empreendimentos estão seguindo as recomendaçoes do protocolo;0
COMO O Mtur verificara se EMPREENDIMENTOS ESTÃO ADOTANDO AS MEDIDAS NECESSÁRIAS PARA TER ACESSO AO SELO?;0
COMO O MINISTÉRIO DO TURISMO PODE TER CERTEZA DE QUE OS EMPREENDIMENTOS ESTÃO ADOTANDO AS MEDIDAS NECESSÁRIAS PARA TER ACESSO AO SELO?;0
COMO O MINISTÉRIO DO TURISMO ficalizara se os EMPREENDIMENTOS ESTÃO ADOTANDO AS MEDIDAS NECESSÁRIAS do protocolo;0
COMO MONITORAR SE OS EMPREENDIMENTOS ESTÃO ADOTANDO AS MEDIDAS NECESSÁRIAS;0
COMO aferir EMPREENDIMENTOS ESTÃO ADOTANDO AS MEDIDAS NECESSÁRIAS;0
os empreendimentos serão fiscalizados;0
as empresas serão fiscalizadas;0
QUEM FARA A FISCALIZAÇÃO NOS ESTABELECIMENTOS;0
QUEM FARA A FISCALIZAÇÃO PARA VER SE OS EMPREENDIMENTOS ESTÃO SEGUINDO O PROTOCOLO;0
QUEM FARA A FISCALIZAÇÃO PARA VER SE OS EMPREENDIMENTOS ESTÃO SEGUINDO AS RECOMENSAÇÕES;0
QUEM FARA A FISCALIZAÇÃO PARA VER SE OS EMPREENDIMENTOS ESTÃO SEGUINDO AS RECOMENDAÇÕES;0
COMO O GOVERNO IRA FISCALIZAR TODOS OS EMPREENDIMENTOS QUE TEM O SELO;0
QUEM FARA A VISTORIA NOS EMPREENDIMENTOS QUE ADOTARAM O SELO;0
MTUR IRÁ FISCALIZAR OS EMPREENDIMENTOS QUE ESTÃO UTILIZANDO O SELO?;0
COMO SERÃO FISCALIZADOS EM EMPREENDIEMTOS QUE ADOTARAM O SELO;0
MEU EMPREENDIMENTO TEM O SELO SEREI FISCALIZADO PERIODICAMENTE;0
QUAL A PERIODICIDADE DAS FISCALIZAÇÕES PARA QUEM TEM O SELO;0
QUAL A PERIODICIDADE DAS VISTORIAS PARA QUEM TEM O SELO;0
DE QUANTO EM QUANTO TEMPO OS ESTABELECIMENTOS SERÃO FISCALIZADOS;0
DE QUANTO EM QUANTO TEMPO OS ESTABELECIMENTOS PASSARÃO POR VISTORIA;0
COMO O MTUR IRA FISCALIZAR TODOS OS EMPREENDIMENTOS QUE TEM O SELO;0
É A VIGILANCIA SANITARIA QUE FARA AS FISCALIZAÇOES DOS EMPREENDIMENTOS COM SELO;0
QUEM FARA A FISCALIZAÇÃO NOS EMPREENDIMENTOS QUE ADOTARAM O SELO;0
fiscalizacao;0
fiscalização;0
protocolo;0
me explique sobre protocolo;0
esclareça-me sobre protocolo;0
esclareça o que é protocolo;0
defina-me protocolo;0
me diga o que é protocolo;0
definição de protocolo;0
o que é protocolo;0
protocolo é?;0
me tira uma duvida o que é protocolo;0
COMO FUNCIONA O PROTOCOLO DE TURISTAS?;0
O que o MTUR pretende com o Selo Turismo responsavel?;0
O QUE O SELO TURISMO RESPONSÁVEL REPRESENTA PARA O TURISTA BRASILEIRO E ESTRANGEIRO?;0
o que representa o selo turismo responsavel para o turista brasileiro;0
o que representa o Selo Turismo Responsavel para o turista estrangeiro?;0
O selo disperta o Brasil como destino protegido e responsável para os turistas;0
O selo mostra o Brasil como destino protegido e responsável para os turistas;0
O turista se sentira mais seguro em usufluir dos empreendimentos que adotaram o Selo;0
Para o turista oriundo do exterior o que representa o selo turismo responsavel?;0
Para o turista vindo do exterior o que representa o selo turismo responsavel?;0
pq aderir;0
O turista sentirá seguro em empreendimentos que adotaram os protocolos estabelecidos pelo Selo Turismo Responsavel;0
O selo Turismo Responsavel adota medidas sanitárias e de higiene seguras para os turistas?;0
O selo Turismo Responsavel adota medidas sanitárias e de higiene para os turistas?;0
O selo Turismo Responsavel atende as exigencias sanitárias e de higiene para os turistas?;0
Pq isso é importante?;0
quais beneficios em usar selo;0
é vantajoso usar o selo;0
qual a vantagem de usar o selo;0
o que eu ganho com o uso;0
o que me motiva a usar;0
pq devo usar;0
porque devo usar;0
o que o selo representa para o turista estrangeiro;0
o que o selo representa para o turista brasileiro;0
representatividade do selo turismo;0
com a adoção do Selo Turismo responsavel o Brasil se promovera como destino seguro para os turistas;0
para os turistas o Selo Turismo Responsavel criará um novo conceito de destino seguro ?;0
O Selo Turismo Responsavel criará um novo conceito de destino seguro para os turistas?;0
os turistas se sentirão seguros em empreendimentos que aderiram ao Selo Turismo;0
o Selo Turismo responsavel tornara os empreendimento que o adotarem mais atrativos para os turistas;0
O Selo Turista Responsavel garantira proteção e segurança sanitárias para quem quiser visitar o Brasil;0
protocolo estabelecido pelo Selo Turista Responsavel garantira proteção e segurança sanitárias para quem quiser visitar o Brasil;0
protocolo estabelecido pelo Selo Turista Responsavel garantira proteção e segurança sanitárias para os turistas;0
Quero visitar Brasil posso confiar nas medidas de proteção e segurança sanitárias do protocolo estabelecido pelo Selo Turista Responsavel;0
Quero visitar Brasil posso confiar nas medidas de proteção e segurança sanitárias exigidas pelo Selo Turista Responsavel;0
Quero visitar Brasil estou seguro com as medidas de higienização adotadas pelo Selo Turista Responsavel;0
Quero visitar Brasil posso confiar nos protocolos estabelecidos pelo Selo Turista Responsavel;0
como turista posso confiar nos protocolos estabelecidos pelo Selo Turista Responsavel;0
como turista posso confiar na aplicabilidade das medidas estabelecidas pelo Selo Turista Responsavel;0
O turista brasileiro e estrangeiro sentirao motivados pelo selo turista responsavel;0
porque isso é importante;0
Porque aderir?;0
Quais os benefícios?;0
terei beneficios;0
Tem algum apoio?;0
Quais as vantagens?;0
o que ganharei com o emprego do selo;0
o que ganharei com o selo;0
terei impactos em meu negocio;0
Qual impacto no meu negócio?;0
Qual a vantagem para o meu negócio?;0
o que meu negocio ganha com o selo;0
eu vou sair ganhando como o selo;0
o que meu negocio ganha;0
qual a vantagem de usar o selo;0
o que ganho com selo;0
o que eu ganho com o selo;0
o selo trara impactos para meu negocio;0
O Selo AJUDARA Brasil SER UM destino seguro PARA OS TURISTAS;0
Selo contribuirá para posicionar o Brasil como destino seguro;0
POSSO COMPRAR UM PACOTE DE VIAGEM O SELO GARANTE QUE LOCAIS ESTÃO SEGUINDO OS PROTOCOLOS;0
O SELO CONTRIBUIR PARA A RETOMADA DO SETOR TURISTICO NO BRASIL?;0
ESSE SELO SERÁ UM DIFERENCIAL DO PAÍS PARA A RETOMADA DO SETOR?;0
INCENTIVO A RETOMADA DO TURISMO NO BRASIL;0
Retomada DA Atividade Turistica no Brasil;0
POSSO COMPRAR UM PACOTE DE VIAGEM O SELO GARANTE QUE LOCAIS ESTÃO SEGUROS;0
POSSO COMPRAR UM PACOTE DE VIAGEM O SELO GARANTE QUE LOCAIS ESTÃO SEGUINDO AS MEDIDAS DE HIGIENE;0
COM O SELO TURISMO NO BRASIL ESTA SEGURO POSSO COMPRAR UM PACOTE DE VIAGEM;0
COM O SELO TURISMO BRASILEIRO ESTA SEGURO POSSO COMPRAR UM PACOTE;0
O Brasil SE MOSTRARA COMO UM DESTINO SEGURO PARA ATIVIDADES TURISTICAS;0
O Brasil SE MOSTRARA COMO UM DESTINO SEGURO PARA OS TURISTAS;0
O Brasil SE MOSTRARA COMO UM DESTINO SEGURO PARA O MUNDO;0
O Selo MOSTRARA PARA OS TURISTAS ESTRANGEIROS O Brasil COMO UM DESTINO SEGURO;0
O Selo MOSTRARA PARA O MUNDO O Brasil COMO UM DESTINO TURISTICO CONFIAVEL;0
POSSO COMPRAR UM PACOTE DE VIAGEM O SELO GARANTE QUE OS HOTES ESTÃO SEGUINDO AS MEDIDAS DE HIGIENE;0
POSSO COMPRAR UM PACOTE DE VIAGEM O SELO GARANTE QUE OS HOTES ESTÃO SEGUINDO O PROTOCOLO ESTABELECIDO;0
QUERO COMPRAR UM PACOTE DE VIAGEM POSSO CONFIAR QUE ESTÃO ADOTANDO O PROTOCOLO;0
QUERO COMPRAR UM PACOTE DE VIAGEM POSSO CONFIAR QUE ESTÃO SEGUINDO AS RECOMENDAÇOES DE HIGIENE;0
COMO FAÇO PARA SABER SE UM EMPREENDIMENTO ESTA SEGUINDO O PROTOCOLO;0
suspendi minhas atividades durante a pandemia posso solicitar o selo assim mesmo;0
mesmo com as atividades suspensas devido a pandemia ainda sim posso pedir o selo;0
Meu estabelecimento esta fechado na pandemia posso solicitar o selo;0
mesmo com o estabelecimento esta fechado na pandemia posso pedir o selo;0
suspendi as atividades do meu empreendimento posso solicitar o selo assim mesmo;0
estou com as atividades suspensas durante a pandemia e quero o selo assim mesmo;0
meu estabelecimento esta com as atividades suspensas durante a pandemia e quero o selo assim mesmo;0
meu estabelecimento esta com as atividades suspensas posso obter o selo;0
minhas atividades estão suspensas posso solicitar o selo;0
SOLICITAR O SELO MESMO ESTANDO COM A ATIVIDADE SUSPENSA DEVIDO À PANDEMIA?;0
POSSO SOLICITAR O SELO MESMO ESTANDO COM A MINHA ATIVIDADE SUSPENSA DEVIDO À PANDEMIA?;0
o cadastur é obrigatorio;0
PARA CONSEGUIR O SELO OS EMPREENDIMENTOS TURÍSTICOS PRECISAM ESTAR REGISTRADOS NO CADASTUR?;0
O REGISTRO NO CADASTRO CADASTUR É PRÉ-REQUISITO PARA PLEITAR O SELO;0
O REGISTRO NO CADASTRO CADASTUR É CONDIÇÃO EXIGIDA PARA PLEITAR O SELO;0
não tenho o cadastur;0
não tenho cadastro no cadastur;0
O REGISTRO NO CADASTRO CADASTUR É CONDIÇÃO EXIGIDA PARA SOLICITAR O SELO;0
O REGISTRO NO CADASTRO CADASTUR É CONDIÇÃO EXIGIDA PARA VC PEDIR O SEU SELO;0
PRECISO ESTAR CADASTRADO NO CADASTUR PARA TER O MEU SELO;0
DEVO ESTAR CADASTRADO NO CADASTUR PARA TER O MEU SELO;0
É NECESSÁRIO ESTAR CADASTRADO NO CADASTUR PARA TER O MEU SELO;0
É OBRIGATORIO ESTAR CADASTRADO NO CADASTUR PARA TER O MEU SELO;0
O REGISTRO NO CADASTRO CADASTUR É OBRIGATÓRIO PARA PLEITAR O SELO;0
O REGISTRO NO CADASTRO CADASTUR É UMA OBRIGATORIEDADE PARA CONSEGUIR O SELO;0
NAO TENHO O REGISTRO NO CADASTUR E AGORA;0
NÃO POSSUO O REGISTRO DO CADASTUR;0
TENHO UM REGISTRO ANTIGO DA EMBRATUR SERVE?;0
POSSO PEDIR O SELO COM MEU CADASTRO ANTIGO DA EMBRATUR;0
NÃO ESTOU REGISTRADO NO CADASTUR EXISTE OUTRA FORMA PARA PEDIR O SELO;0
NÃO ESTOU REGISTRADO NO CADASTUR EXISTE OUTRA FORMA PARA CONSEGUIR O SELO;0
NÃO ESTOU REGISTRADO NO CADASTUR E PRECISO DO SELO;0
preciso do registro no cadastur;0
QUE TIPOs DE ESTABELECIMENTOS PODE UTILIZAR O SELO?;0
como faço para saber se meu estabelecimento precisa do selo;0
tenho um comercio posso pedir o selo turismo responsavel;0
todos os tipos de empreendimentos quem podem aderir ao programa selo turismo responsavel;0
tipos de empreendimentos quem podem aderir ao programa selo turismo responsavel;0
quem pode pedir o selo turismo responsavel;0
quais são as atividades turisticas que podem pleitear o selo;0
todos os tipos de empreendimentos comerciais podem pedir o selo turismo responsavel;0
todos os tipos de negocios quem podem aderir ao programa selo turismo responsavel;0
que tipo de empreendimento pode solicitar o selo;0
que tipo de empreendimento pode pleitear o selo;0
que tipo de empreendimento pode requerer o selo;0
para quais estabelecimentos;0
para quais empreendimentos;0
pra quem é;0
pra quem se destina;0
para quem e;0
que tipo de estabelecimento pode pedir o selo;0
que tipo de estabelecimento pode solicitar o selo;0
Tem regra que me impede de pedir o selo turismo responsavel;0
se eu pedir o selo turismo responsavel para o meu estabelecimento posso ser impedido;0
quero pedir o selo mas não se meu estabelecimento se encaixa nas regras;0
quero pedir o selo mas não sei se posso;0
como faço para saber se meu estabelecimento pode se inscrever no programa selo turismo reponsavel;0
quais são as atividades turisticas que podem utilizar o selo;0
quais são os tipos de estabelecimento que podem solicitar o selo;0
Todos os estabelecimentos comerciais podem usar o selo turismo responsavel;0
quais são os ESTABELECIMENTOS PODE UTILIZAR O SELO?;0
QUE TIPO DE ESTABELECIMENTOS PODE UTILIZAR O SELO?;0
ONDE PESQUISO PARA SABER SE O TIPO DO MEU ESTABELECIMENTO PODE PEDIR O SELO;0
ONDE PROCURO PARA SABER SE O TIPO DO MEU ESTABELECIMENTO PODE PEDIR O SELO;0
ONDE VEJO SE O TIPO DO MEU ESTABELECIMENTO PODE SER FAVORECIDO COM O SELO;0
PRECISO SABER SE A NATUREZA DO MEU ESTABELECIMENTOS PODE USAR O SELO;0
PRECISO SABER QUAIS SÃO OS TIPOS DE ESTABELECIMENTOS APTOS PARA USAR O SELO;0
COMO SABER SE MEU TIPO DE ESTABELECIMENTO PODE PEDIR O SELO;0
MEU TIPO DE ESTABELECIMENTO ESTA ENQUADRADO DENTRO DAS CONDIÇÕES PARA TER O SELO;0
MEU TIPO DE ESTABELECIMENTO PODE PLEITEAR O SELO;0
MEU TIPO DE ESTABELECIMENTO PODE PEDIR O SELO;0
COMO SABER SE O TIPO DO MEU ESTABELECIMENTO TEM O DIREITO DE USAR O SELO;0
COMO SABER SE O TIPO DO MEU ESTABELECIMENTO ESTA DENTRO DA REGRA DO SELO;0
COMO POSSO SABER OS TIPOS DE ESTABELECIMENTOS TURISTICOS QUE PODEM USAR O SELO;0
SAO TODOS OS ESTABELECIMENTOS TURISTICOS QUE PODEM USAR O SELO;0
QUAIS SÃO OS EMPREENDIMENTOS QUE PODEM UTILIZAR O SELO;0
15 TIPO DE ESTABELECIMENTOS QUE PODEM UTILIZAR O SELO;0
Tuberculose do sistema nervoso;0
tuberculose neurologica;0
tuberculose no cerebro;0
Tuberculose Cerebral;0
neurotuberculose;0
o que é neurotuberculose;0
Tuberculose do sistema nervoso central (TBSNC);0
Tuberculose Cerebral - Como tratar;0
Tuberculose Cerebral - diagnostico;0
Tuberculose Cerebral - principais sintomas;0
é preciso que uma pessoa com tuberculose pulmonar ou na garganta fale, espirre ou tussa;0
como se transmite a tuberculose;0
Como se da o contagio da tuberculose;0
como se da a transmissão da tuberculose;0
como é contagio da tuberculose;0
quais são os meios de transmissão da tuberculose;0
tuberculose é transmitida por;0
como pega tuberculose;0
como eu posso ser contaminado por tuberculose;0
tiberculose Como é transmitida;0
como e transmitida a tuberculose;0
o contágio com esta doença é mais frequente quando se está perto de uma pessoa com tuberculose;0
como é a transmissão da tuberculose para as pessoas;0
O contágio com a tuberculose acontece através do ar;0
o bacilo fica presente no ar quando a pessoa com tuberculose pulmonar ou na garganta fale;0
tuberculose fica no ar quando o tuberculoso fala espirra ou tosse;0
pega quando se respira o ar contaminado com o bacilo de Koch;0
o contágio com esta doença é mais comum quando se está perto da pessoa com tuberculose;0
impedir a contaminação pelo bacilo de Koch;0
a vacina impede a contaminação pelo bacilo de Koch;0
a vacina previne contra tuberculose;0
como me prevenir da tuberculose;0
como me proteger do contagio de tuberculose;0
Como prevenir tuberculose;0
como me precaver da tuberculose;0
existe prevenção para a tuberculose;0
como me proteger da tuberculose;0
qual a prevenção para tuberculose;0
que fatores de risco geram aumento do contagio da tuberculose;0
quero saber os fatores de risco para a tuberculose;0
que fatores são de risco para a tuberculose;0
Tuberculose - Fatores de Risco;0
quais os fatores de risco para a tuberculose;0
quais os riscos de contrair tuberculose;0
existe fatores que aumentam o risco de contaminação por tuberculose;0
o que aumenta o risco de contrair tuberculose;0
quais os riscos para a tuberculose;0
quais são os fatores de risco da tuberculose;0
a tuberculose pode acometer os gânglios do tórax, virilha, abdômen ou pescoço.;0
tuberculose nos ganglios;0
o que é tuberculose ganglionar;0
Tuberculose ganglionar;0
a tuberculose ganglionar atinge o sistema linfático;0
preciso saber sobre tuberculose ganglionar;0
tuberculose nos ganglios linfaticos;0
fala sobre tuberculose ganglionar;0
quero saber sobre tuberculose ganglionar;0
preciso de informação sobre tuberculose ganglionar;0
me explica sobre tuberculose ganglionar;0
defina tuberculose ganglionar;0
Tuberculose Ganglionar - Como tratar;0
Tuberculose Ganglinar - Diagnóstico;0
Tuberculose Ganglionar - principais sintomas;0
Tuberculose Intenstinal - Como Tratar;0
beber leite de animais contaminados causa tuberculose de intestino;0
comer carne de animais contaminados causa tuberculose de intestino;0
comer carne ou beber leite de animais contaminados causa tuberculose de intestino;0
tuberculose nos intestinos;0
tuberculose instestinal o que é;0
fala-me sobre tuberculose intestinal;0
existe tuberculose intestinal;0
o que é tuberculose intestinal;0
Tuberculose intestinal;0
quando a pessoa está com a tuberculose pulmonar e engole a as secreções com o bacilo pega tuberculose intestinal;0
quando a pessoa está com a tuberculose pulmonar e engole a as secreções pode desenvolver tuberculose intestinal;0
Tuberculose Intestinal - Diagnostico;0
tuberculose intestinal - principais sintomas;0
tuberculose da miningite;0
o que é Tuberculose miliar ou meníngea;0
defina Tuberculose miliar ou meníngea;0
Tuberculose miliar ou meníngea o que é;0
tipo de tuberculose em que as bactérias estão disseminadas na corrente sanguínea;0
tuberculose miliar as bactérias estão disseminadas na corrente sanguínea;0
A tuberculose miliar é uma das formas mais graves da doença.;0
tuberculose miliar;0
tuberculose meningea;0
Tuberculose miliar ou meníngea;0
a tuberculose miliar provoca lesões em vários tecidos e órgãos do corpo;0
Tuberculose Miliar - Como tratar;0
Tuberculose Miliar - Diagnostico;0
Tuberculose Miliar - principais sintomas;0
explique tuberculose ocular;0
Tuberculose ocular;0
o que é tuberculose ocular;0
quero saber sobre tuberculose nos olhos;0
o que é tuberculose oftalmologica;0
quero saber sobre tuberculose ocular;0
o que é tuberculose nos olhos;0
existe tuberculose no olho;0
existe tuberculose nos olhos;0
tem tuberculose no globo ocular;0
como chama a tuberculose nos olhos;0
defina-me tuberculose ocular;0
tem tuberculose ocular;0
Tuberculose ocular - como tratar;0
Tuberculose Ocular - Diagnostico;0
Tuberculose Ocular - Principais Sintomas;0
diga me o que é tuberculose;0
tuberculose é uma infecççao perigosa;0
tuberculose é uma infecção grave;0
tuberculose é uma doença grave;0
o que é o mal da tuberculose;0
tuberculose é uma doença bacteriana por uma bactéria;0
tuberculose o que é;0
diga-me o que é tuberculose;0
defina-me tuberculose;0
doença tuberculose;0
o que é tuberculose;0
tuberculose;0
tuberculose é?;0
aperto de mao transmite tuberculose;0
Tuberculose - O que não transmite tuberculose;0
Compartilhar de comida ou bebida transmite tuberculose;0
tuberculose não passa atraves de beijo;0
beijos também não causam transmissão da doenç;0
não passa traves de roupa da pessoa infectada;0
tuberculose não passa atraves de utensilhos;0
tuberculose não passa atraves de comida;0
tuberculose não passa atraves de aperto de mão;0
tuberculose não passa atraves de abraço;0
Usar roupa da pessoa infectada transmite tuberculose;0
tuberculose da no osso;0
tuberculose pega no osso;0
terbeculose da infecção no osso;0
tuberculose infecciona o osso;0
o bacilo da tuberculose pode alojar no osso;0
quero saber sobre tuberculose nos ossos;0
nossa ossatura pode ter tuberculose;0
os ossos podem ter tuberculose;0
os ossos podem ser acometidos de tuberculose;0
tuberculose pega nos ossos do corpo;0
Tuberculose ossea;0
o que é tuberculose ossea;0
tuberculose no osso;0
Tuberculose Ossea - como tratar;0
Tuberculose Ossea - Diagnostico;0
Option: tuberculose Óssea - principais sintomas;0
Tuberculose pleural:;0
como chama a tuberculose no tecido que reveste os pulmões;0
uso corticoides posso desenvolver tuberculose pleural;0
pega tuberculose na pleura;0
a tuberculose pode contagiar a pleura;0
preciso de orientação sobre tuberculose pleural;0
o que é a tuberculose pleural;0
existe tuberculose pleural;0
tuberculose pega na pleura;0
a pleura pode ser contaminada pela tuberculose;0
esclareça-me sobre a tuberculose pleural;0
me explique a tuberculose pleural;0
Tuberculose Pleural - Como Tratar;0
Tuberculose Pleural - Diagnostico;0
Tuberculose pleural - principais sintomas;0
tuberculose nos pulmoes;0
tuberculose no pulmão;0
pulmão com tuberculose;0
tuberculose pulmonar ocorre devido a entrada do bacilo nas vias respiratórias;0
o que é tuberculose pulmonar;0
forma mais comum da doença é a tuberculose pulmonar;0
preciso de informações sobre a tuberculose pulmonar;0
tuberculose pulmonar o que é;0
quando as bacterias alojam nos pulmões da tuberculose pulmonar;0
explique-me sobre bacterias pulmonar;0
esclareça sobre a tuberculose pulmonar;0
estou com tuberculose pulmonar e quero saber mais;0
quero saber sobre tuberculose pulmonar;0
preciso de informação sobre tuberculose pulmonar;0
defina tuberculose pulmonar;0
Tuberculose Pulmonar - Como Tratar;0
Tuberculose Pulmonar - Diagnostico;0
Tuberculose pulmonar - principais sintomas;0
tem como sarar da tuberculose;0
Tuberculose tem cura;0
existe cura para tuberculose;0
vou ficar curado da tuberculose;0
posso ser curado de tuberculose;0
a cura da tuberculose;0
tuberculoso pode ser curado;0
vou sarar da tuberculose;0
o tratamento da tuberculose deixa o paciente curado;0
o paciente de tuberculose pode ser curado;0
o doente de tuberculose pode ser curado;0
a doença de tuberculose tem cura;0
existe cura pra doença de tuberculose;0
a doença de tuberculose ja tem cura;0
existe quantos tipos de tuberculose;0
Tuberculose tipos;0
tipos de tuberculose;0
quais são os tipos de tuberculose;0
tipos de tuberculose mais comuns;0
quero saber quais os tipos de tuberculose;0
me fale quais os tipos de tuberculose;0
existem quantos tipos de tuberculose;0
quais os tipos de tuberculose existem;0
Tuberculose Tratamento Gratuito;0
quem arca com o custo do tratamento de tuberculose;0
sou tuberculoso e não tenho dinheiro para pagar o tratamento;0
estou com tuberculose vou ter que pagar o tratamento;0
o SUS paga o tratamento de tuberculose;0
o Ministerio da saude paga o tratamento de tuberculose;0
o governo paga o tratamento de tuberculose;0
quanto custa o tratamento de tuberculose;0
as despesas de remedio para tuberculose quem paga;0
eu pago o tratamento de tuberculose;0
o que é a tuberculose urinaria;0
quero saber sobre tuberculose urinaria;0
preciso saber sobre tuberculose urinaria;0
que é a tuberculose dos rins;0
quero informação sobre tuberculose urinaria;0
tuberculose da bexiga;0
me fale sobre a tuberculose urinaria;0
Tuberculose Urinaria;0
tuberculose urinaria é o que;0
defina tuberculose urinaria;0
esclareça sobre tuberculose urinaria;0
fala-me da tuberculose urinaria;0
me diz sobre a tuberculose urinaria;0
o que é a tuberculose do aparelho urinario;0
o que é essa doença tuberculose urinaria;0
Tuberculose Urinaria - Como tratar;0
Tuberculose Urinaria - Diagnostico;0
Tuberculose Urinaria - principais sintomas;0
o que fazer estou tuberculoso;0
como agir se eu estiver com tuberculose;0
Minha oximetria está baixa pode ser tuberculose;0
Estou com sintoma de tuberculose, o que faço?;0
se eu estiver tuberculoso o que devo fazer;0
Se eu ficar doente de tuberculose o que fazer?;0
Estou me sentindo gripado e acho que é tuberculose, o que faço?;0
estou tuberculoso e quero uma orientação;0
qual a orientação a seguir no caso de tuberculose;0
o que fazer se descobrir que esta com tuberculose;0