Tuberculose do sistema nervoso,Tuberculose_Cerebral
tuberculose neurologica,Tuberculose_Cerebral
tuberculose no cerebro,Tuberculose_Cerebral
Tuberculose Cerebral,Tuberculose_Cerebral
neurotuberculose,Tuberculose_Cerebral
o que é neurotuberculose,Tuberculose_Cerebral
Tuberculose do sistema nervoso central (TBSNC),Tuberculose_Cerebral
Tuberculose Cerebral - Como tratar,Tuberculose_Cerebral_ComoTratar
Tuberculose Cerebral - diagnostico,Tuberculose_Cerebral_Diagnostico
Tuberculose Cerebral - principais sintomas,Tuberculose_Cerebral_PrincipaisSintomas
"é preciso que uma pessoa com tuberculose pulmonar ou na garganta fale, espirre ou tussa",Tuberculose_COMO_eh_Transmitida
como se transmite a tuberculose,Tuberculose_COMO_eh_Transmitida
Como se da o contagio da tuberculose,Tuberculose_COMO_eh_Transmitida
como se da a transmissão da tuberculose,Tuberculose_COMO_eh_Transmitida
como é contagio da tuberculose,Tuberculose_COMO_eh_Transmitida
quais são os meios de transmissão da tuberculose,Tuberculose_COMO_eh_Transmitida
tuberculose é transmitida por,Tuberculose_COMO_eh_Transmitida
como pega tuberculose,Tuberculose_COMO_eh_Transmitida
como eu posso ser contaminado por tuberculose,Tuberculose_COMO_eh_Transmitida
tiberculose Como é transmitida,Tuberculose_COMO_eh_Transmitida
como e transmitida a tuberculose,Tuberculose_COMO_eh_Transmitida
o contágio com esta doença é mais frequente quando se está perto de uma pessoa com tuberculose,Tuberculose_COMO_eh_Transmitida
como é a transmissão da tuberculose para as pessoas,Tuberculose_COMO_eh_Transmitida
O contágio com a tuberculose acontece através do ar,Tuberculose_COMO_eh_Transmitida
o bacilo fica presente no ar quando a pessoa com tuberculose pulmonar ou na garganta fale,Tuberculose_COMO_eh_Transmitida
tuberculose fica no ar quando o tuberculoso fala espirra ou tosse,Tuberculose_COMO_eh_Transmitida
pega quando se respira o ar contaminado com o bacilo de Koch,Tuberculose_COMO_eh_Transmitida
o contágio com esta doença é mais comum quando se está perto da pessoa com tuberculose,Tuberculose_COMO_eh_Transmitida
impedir a contaminação pelo bacilo de Koch,tuberculose_Como_prevenir
a vacina impede a contaminação pelo bacilo de Koch,tuberculose_Como_prevenir
a vacina previne contra tuberculose,tuberculose_Como_prevenir
como me prevenir da tuberculose,tuberculose_Como_prevenir
como me proteger do contagio de tuberculose,tuberculose_Como_prevenir
Como prevenir tuberculose,tuberculose_Como_prevenir
como me precaver da tuberculose,tuberculose_Como_prevenir
existe prevenção para a tuberculose,tuberculose_Como_prevenir
como me proteger da tuberculose,tuberculose_Como_prevenir
qual a prevenção para tuberculose,tuberculose_Como_prevenir
que fatores de risco geram aumento do contagio da tuberculose,Tuberculose_Fatores_de_Risco
quero saber os fatores de risco para a tuberculose,Tuberculose_Fatores_de_Risco
que fatores são de risco para a tuberculose,Tuberculose_Fatores_de_Risco
Tuberculose - Fatores de Risco,Tuberculose_Fatores_de_Risco
quais os fatores de risco para a tuberculose,Tuberculose_Fatores_de_Risco
quais os riscos de contrair tuberculose,Tuberculose_Fatores_de_Risco
existe fatores que aumentam o risco de contaminação por tuberculose,Tuberculose_Fatores_de_Risco
o que aumenta o risco de contrair tuberculose,Tuberculose_Fatores_de_Risco
quais os riscos para a tuberculose,Tuberculose_Fatores_de_Risco
quais são os fatores de risco da tuberculose,Tuberculose_Fatores_de_Risco
"a tuberculose pode acometer os gânglios do tórax, virilha, abdômen ou pescoço.",Tuberculose_Ganglionar
tuberculose nos ganglios,Tuberculose_Ganglionar
o que é tuberculose ganglionar,Tuberculose_Ganglionar
Tuberculose ganglionar,Tuberculose_Ganglionar
a tuberculose ganglionar atinge o sistema linfático,Tuberculose_Ganglionar
preciso saber sobre tuberculose ganglionar,Tuberculose_Ganglionar
tuberculose nos ganglios linfaticos,Tuberculose_Ganglionar
fala sobre tuberculose ganglionar,Tuberculose_Ganglionar
quero saber sobre tuberculose ganglionar,Tuberculose_Ganglionar
preciso de informação sobre tuberculose ganglionar,Tuberculose_Ganglionar
me explica sobre tuberculose ganglionar,Tuberculose_Ganglionar
defina tuberculose ganglionar,Tuberculose_Ganglionar
Tuberculose Ganglionar - Como tratar,tuberculose_ganglionar_ComoTratar
Tuberculose Ganglinar - Diagnóstico,Tuberculose_Ganglionar_Diagnostico
Tuberculose Ganglionar - principais sintomas,Tuberculose_Ganglionar_PrincipaisSintomas
Tuberculose Intenstinal - Como Tratar,Tuberculose_Intenstinal_ComoTratar
beber leite de animais contaminados causa tuberculose de intestino,Tuberculose_intestinal
comer carne de animais contaminados causa tuberculose de intestino,Tuberculose_intestinal
comer carne ou beber leite de animais contaminados causa tuberculose de intestino,Tuberculose_intestinal
tuberculose nos intestinos,Tuberculose_intestinal
tuberculose instestinal o que é,Tuberculose_intestinal
fala-me sobre tuberculose intestinal,Tuberculose_intestinal
existe tuberculose intestinal,Tuberculose_intestinal
o que é tuberculose intestinal,Tuberculose_intestinal
Tuberculose intestinal,Tuberculose_intestinal
quando a pessoa está com a tuberculose pulmonar e engole a as secreções com o bacilo pega tuberculose intestinal,Tuberculose_intestinal
quando a pessoa está com a tuberculose pulmonar e engole a as secreções pode desenvolver tuberculose intestinal,Tuberculose_intestinal
Tuberculose Intestinal - Diagnostico,Tuberculose_Intestinal_Diagnostico
tuberculose intestinal - principais sintomas,tuberculose_intestinal_Principais_Sintomas
tuberculose da miningite,Tuberculose_Miliar
o que é Tuberculose miliar ou meníngea,Tuberculose_Miliar
defina Tuberculose miliar ou meníngea,Tuberculose_Miliar
Tuberculose miliar ou meníngea o que é,Tuberculose_Miliar
tipo de tuberculose em que as bactérias estão disseminadas na corrente sanguínea,Tuberculose_Miliar
tuberculose miliar as bactérias estão disseminadas na corrente sanguínea,Tuberculose_Miliar
A tuberculose miliar é uma das formas mais graves da doença.,Tuberculose_Miliar
tuberculose miliar,Tuberculose_Miliar
tuberculose meningea,Tuberculose_Miliar
Tuberculose miliar ou meníngea,Tuberculose_Miliar
a tuberculose miliar provoca lesões em vários tecidos e órgãos do corpo,Tuberculose_Miliar
Tuberculose Miliar - Como tratar,Tuberculose_Miliar_ComoTratar
Tuberculose Miliar - Diagnostico,Tuberculose_Miliar_Diagnostico
Tuberculose Miliar - principais sintomas,Tuberculose_Miliar_Principais_Sintomas
explique tuberculose ocular,Tuberculose_ocular
Tuberculose ocular,Tuberculose_ocular
o que é tuberculose ocular,Tuberculose_ocular
quero saber sobre tuberculose nos olhos,Tuberculose_ocular
o que é tuberculose oftalmologica,Tuberculose_ocular
quero saber sobre tuberculose ocular,Tuberculose_ocular
o que é tuberculose nos olhos,Tuberculose_ocular
existe tuberculose no olho,Tuberculose_ocular
existe tuberculose nos olhos,Tuberculose_ocular
tem tuberculose no globo ocular,Tuberculose_ocular
como chama a tuberculose nos olhos,Tuberculose_ocular
defina-me tuberculose ocular,Tuberculose_ocular
tem tuberculose ocular,Tuberculose_ocular
Tuberculose ocular - como tratar,Tuberculose_ocular_ComoTratar
Tuberculose Ocular - Diagnostico,Tuberculose_Ocular_Diagnostico
Tuberculose Ocular - Principais Sintomas,Tuberculose_Ocular_Principais_Sintomas
diga me o que é tuberculose,TUBERCULOSE_o_que_Eh
tuberculose é uma infecççao perigosa,TUBERCULOSE_o_que_Eh
tuberculose é uma infecção grave,TUBERCULOSE_o_que_Eh
tuberculose é uma doença grave,TUBERCULOSE_o_que_Eh
o que é o mal da tuberculose,TUBERCULOSE_o_que_Eh
tuberculose é uma doença bacteriana por uma bactéria,TUBERCULOSE_o_que_Eh
tuberculose o que é,TUBERCULOSE_o_que_Eh
diga-me o que é tuberculose,TUBERCULOSE_o_que_Eh
defina-me tuberculose,TUBERCULOSE_o_que_Eh
doença tuberculose,TUBERCULOSE_o_que_Eh
o que é tuberculose,TUBERCULOSE_o_que_Eh
tuberculose,TUBERCULOSE_o_que_Eh
tuberculose é?,TUBERCULOSE_o_que_Eh
aperto de mao transmite tuberculose,Tuberculose_Oque_nao_trasmite
Tuberculose - O que não transmite tuberculose,Tuberculose_Oque_nao_trasmite
Compartilhar de comida ou bebida transmite tuberculose,Tuberculose_Oque_nao_trasmite
tuberculose não passa atraves de beijo,Tuberculose_Oque_nao_trasmite
beijos também não causam transmissão da doenç,Tuberculose_Oque_nao_trasmite
não passa traves de roupa da pessoa infectada,Tuberculose_Oque_nao_trasmite
tuberculose não passa atraves de utensilhos,Tuberculose_Oque_nao_trasmite
tuberculose não passa atraves de comida,Tuberculose_Oque_nao_trasmite
tuberculose não passa atraves de aperto de mão,Tuberculose_Oque_nao_trasmite
tuberculose não passa atraves de abraço,Tuberculose_Oque_nao_trasmite
Usar roupa da pessoa infectada transmite tuberculose,Tuberculose_Oque_nao_trasmite
tuberculose da no osso,Tuberculose_Ossea
tuberculose pega no osso,Tuberculose_Ossea
terbeculose da infecção no osso,Tuberculose_Ossea
tuberculose infecciona o osso,Tuberculose_Ossea
o bacilo da tuberculose pode alojar no osso,Tuberculose_Ossea
quero saber sobre tuberculose nos ossos,Tuberculose_Ossea
nossa ossatura pode ter tuberculose,Tuberculose_Ossea
os ossos podem ter tuberculose,Tuberculose_Ossea
os ossos podem ser acometidos de tuberculose,Tuberculose_Ossea
tuberculose pega nos ossos do corpo,Tuberculose_Ossea
Tuberculose ossea,Tuberculose_Ossea
o que é tuberculose ossea,Tuberculose_Ossea
tuberculose no osso,Tuberculose_Ossea
Tuberculose Ossea - como tratar,Tuberculose_Ossea_ComoTratar
Tuberculose Ossea - Diagnostico,Tuberculose_Ossea_Diagnostico
Option: tuberculose Óssea - principais sintomas,Tuberculose_Ossea_PrincipaisSintomas
Tuberculose pleural:,Tuberculose_Pleural
como chama a tuberculose no tecido que reveste os pulmões,Tuberculose_Pleural
uso corticoides posso desenvolver tuberculose pleural,Tuberculose_Pleural
pega tuberculose na pleura,Tuberculose_Pleural
a tuberculose pode contagiar a pleura,Tuberculose_Pleural
preciso de orientação sobre tuberculose pleural,Tuberculose_Pleural
o que é a tuberculose pleural,Tuberculose_Pleural
existe tuberculose pleural,Tuberculose_Pleural
tuberculose pega na pleura,Tuberculose_Pleural
a pleura pode ser contaminada pela tuberculose,Tuberculose_Pleural
esclareça-me sobre a tuberculose pleural,Tuberculose_Pleural
me explique a tuberculose pleural,Tuberculose_Pleural
Tuberculose Pleural - Como Tratar,Tuberculose_Pleural_ComoTratar
Tuberculose Pleural - Diagnostico,Tuberculose_Pleural_Diagnostico
Tuberculose pleural - principais sintomas,Tuberculose_Pleural_PrincipaisSintomas
tuberculose nos pulmoes,TUBERCULOSE_Pulmonar
tuberculose no pulmão,TUBERCULOSE_Pulmonar
pulmão com tuberculose,TUBERCULOSE_Pulmonar
tuberculose pulmonar ocorre devido a entrada do bacilo nas vias respiratórias,TUBERCULOSE_Pulmonar
o que é tuberculose pulmonar,TUBERCULOSE_Pulmonar
forma mais comum da doença é a tuberculose pulmonar,TUBERCULOSE_Pulmonar
preciso de informações sobre a tuberculose pulmonar,TUBERCULOSE_Pulmonar
tuberculose pulmonar o que é,TUBERCULOSE_Pulmonar
quando as bacterias alojam nos pulmões da tuberculose pulmonar,TUBERCULOSE_Pulmonar
explique-me sobre bacterias pulmonar,TUBERCULOSE_Pulmonar
esclareça sobre a tuberculose pulmonar,TUBERCULOSE_Pulmonar
estou com tuberculose pulmonar e quero saber mais,TUBERCULOSE_Pulmonar
quero saber sobre tuberculose pulmonar,TUBERCULOSE_Pulmonar
preciso de informação sobre tuberculose pulmonar,TUBERCULOSE_Pulmonar
defina tuberculose pulmonar,TUBERCULOSE_Pulmonar
Tuberculose Pulmonar - Como Tratar,Tuberculose_Pulmonar_ComoTratar
Tuberculose Pulmonar - Diagnostico,Tuberculose_Pulmonar_Diagnostico
Tuberculose pulmonar - principais sintomas,Tuberculose_Pulmonar_PrincipaisSintomas
tem como sarar da tuberculose,Tuberculose_tem_Cura
Tuberculose tem cura,Tuberculose_tem_Cura
existe cura para tuberculose,Tuberculose_tem_Cura
vou ficar curado da tuberculose,Tuberculose_tem_Cura
posso ser curado de tuberculose,Tuberculose_tem_Cura
a cura da tuberculose,Tuberculose_tem_Cura
tuberculoso pode ser curado,Tuberculose_tem_Cura
vou sarar da tuberculose,Tuberculose_tem_Cura
o tratamento da tuberculose deixa o paciente curado,Tuberculose_tem_Cura
o paciente de tuberculose pode ser curado,Tuberculose_tem_Cura
o doente de tuberculose pode ser curado,Tuberculose_tem_Cura
a doença de tuberculose tem cura,Tuberculose_tem_Cura
existe cura pra doença de tuberculose,Tuberculose_tem_Cura
a doença de tuberculose ja tem cura,Tuberculose_tem_Cura
existe quantos tipos de tuberculose,Tuberculose_Tipos
Tuberculose tipos,Tuberculose_Tipos
tipos de tuberculose,Tuberculose_Tipos
quais são os tipos de tuberculose,Tuberculose_Tipos
tipos de tuberculose mais comuns,Tuberculose_Tipos
quero saber quais os tipos de tuberculose,Tuberculose_Tipos
me fale quais os tipos de tuberculose,Tuberculose_Tipos
existem quantos tipos de tuberculose,Tuberculose_Tipos
quais os tipos de tuberculose existem,Tuberculose_Tipos
Tuberculose Tratamento Gratuito,Tuberculose_TratamentoGratuito
quem arca com o custo do tratamento de tuberculose,Tuberculose_TratamentoGratuito
sou tuberculoso e não tenho dinheiro para pagar o tratamento,Tuberculose_TratamentoGratuito
estou com tuberculose vou ter que pagar o tratamento,Tuberculose_TratamentoGratuito
o SUS paga o tratamento de tuberculose,Tuberculose_TratamentoGratuito
o Ministerio da saude paga o tratamento de tuberculose,Tuberculose_TratamentoGratuito
o governo paga o tratamento de tuberculose,Tuberculose_TratamentoGratuito
quanto custa o tratamento de tuberculose,Tuberculose_TratamentoGratuito
as despesas de remedio para tuberculose quem paga,Tuberculose_TratamentoGratuito
eu pago o tratamento de tuberculose,Tuberculose_TratamentoGratuito
o que é a tuberculose urinaria,Tuberculose_Urinaria
quero saber sobre tuberculose urinaria,Tuberculose_Urinaria
preciso saber sobre tuberculose urinaria,Tuberculose_Urinaria
que é a tuberculose dos rins,Tuberculose_Urinaria
quero informação sobre tuberculose urinaria,Tuberculose_Urinaria
tuberculose da bexiga,Tuberculose_Urinaria
me fale sobre a tuberculose urinaria,Tuberculose_Urinaria
Tuberculose Urinaria,Tuberculose_Urinaria
tuberculose urinaria é o que,Tuberculose_Urinaria
defina tuberculose urinaria,Tuberculose_Urinaria
esclareça sobre tuberculose urinaria,Tuberculose_Urinaria
fala-me da tuberculose urinaria,Tuberculose_Urinaria
me diz sobre a tuberculose urinaria,Tuberculose_Urinaria
o que é a tuberculose do aparelho urinario,Tuberculose_Urinaria
o que é essa doença tuberculose urinaria,Tuberculose_Urinaria
Tuberculose Urinaria - Como tratar,Tuberculose_Urinaria_ComoTratar
Tuberculose Urinaria - Diagnostico,Tuberculose_Urinaria_Diagnostico
Tuberculose Urinaria - principais sintomas,Tuberculose_Urinaria_PrincipaisSintomas
o que fazer estou tuberculoso,zBKP_tuberculose_o_que_fazer
como agir se eu estiver com tuberculose,zBKP_tuberculose_o_que_fazer
Minha oximetria está baixa pode ser tuberculose,zBKP_tuberculose_o_que_fazer
"Estou com sintoma de tuberculose, o que faço?",zBKP_tuberculose_o_que_fazer
se eu estiver tuberculoso o que devo fazer,zBKP_tuberculose_o_que_fazer
Se eu ficar doente de tuberculose o que fazer?,zBKP_tuberculose_o_que_fazer
"Estou me sentindo gripado e acho que é tuberculose, o que faço?",zBKP_tuberculose_o_que_fazer
estou tuberculoso e quero uma orientação,zBKP_tuberculose_o_que_fazer
qual a orientação a seguir no caso de tuberculose,zBKP_tuberculose_o_que_fazer
o que fazer se descobrir que esta com tuberculose,zBKP_tuberculose_o_que_fazer
