input,category
Diante da quantidade limitada de vacinas qual é o objetivo da vacinação contra a COVID-19?,covid
Qual é a melhor vacina contra a COVID-19 desenvolvida?,covid
Considerando a rapidez com que as vacinas contra a COVID-19 foram desenvolvidas elas podem ser consideradas seguras?,covid
Se o gargalo está na produção há uma alternativa para aumentar a fabricação e reduzir a desigualdade no acesso às vacinas?,covid
As vacinas funcionarão contra as novas cepas do vírus?,covid
As vacinas previnem a doença sua forma grave hospitalização morte e transmissão?,covid
Por que a temperatura da vacina é tão importante?,covid
Quais são as diferentes maneiras que um país pode obter ou comprar vacinas?,covid
Quais consequências MSF teme ou prevê diante do impacto sobre outras campanhas de vacinação?,covid
Quanto tempo o coronavírus permanece ativo em diferentes superfícies?,covid
Existe algum canal direto com o Ministério da Saúde para tirar dúvidas sobre o novo coronavírus?,covid
É verdade que tem se estudado o uso do plasma sanguíneo de pacientes recuperados da Covid-19 no tratamento da doença?,covid
A azitromicina funciona no tratamento contra a Covid-19?,covid
O vírus que causa a doença Covid-19 está no ar?,covid
O que é período de incubação e qual o período de incubação do novo coronavírus?,covid
É possível se contaminar com o novo coronavírus por meio de aperto de mãos ou com beijos no rosto?,covid
Qualquer hospital pode receber paciente com coronavírus?,covid
O que significa quando meu teste dá positivo para IgM e/ou IgG?,covid
O que é a autorização para uso emergencial da vacina contra Covid-19?,covid
Quem precisa tomar a segunda dose de reforço da vacina contra a Covid-19?,covid
A minha filha precisa continuar usando máscara depois de tomar as duas doses da vacina?,covid
Quem deve continuar usando máscara?,covid
Quando e onde devo continuar usando máscara mesmo não sendo mais obrigatório?,covid
Quando o meu filho deve tomar a segunda dose da vacina contra a Covid-19?,covid
Se as crianças não têm sintomas graves de Covid-19 por que a minha filha precisa se vacinar?,covid
É verdade que a vacina contra a Covid-19 para crianças é experimental?,covid
O meu filho pode ter algum problema no futuro por ter tomado a vacina contra a Covid-19?,covid
Quantas doses meu filho precisa tomar para estar completamente protegido contra a Covid-19?,covid
O meu filho pode tomar a vacina contra a Covid-19 junto com outras vacinas?,covid
O meu filho testou positivo para a Covid-19. Ele pode se vacinar?,covid
A vacinação de crianças torna o retorno escolar mais seguro?,covid
Qual o risco da vacina contra a Covid-19 causar miocardite no meu filho?,covid
Crianças e adolescentes podem evoluir para formas graves da Covid-19?,covid
Eu tomei a vacina Covid-19 da Fiocruz (AstraZeneca) e estou com reações muito fortes. O que devo fazer?,covid
A vacina contra a Covid-19 também é segura para crianças?,covid
Estarei imunizada se na primeira dose eu tomar a vacina AstraZeneca produzida na Índia e na segunda dose tomar a AstraZeneca produzida no Brasil?,covid
Qual o procedimento deve ser seguido por quem deseja relatar um evento adverso após receber a vacina Covid-19 (recombinante)?,covid
Posso ter reações mais fortes ao tomar a vacina por já ter tido Covid-19?,covid
Posso tomar a segunda dose da vacina tendo testado positivo para a Covid-19?,covid
Devo tomar a segunda dose da vacina contra a Covid-19 da Fiocruz (AstraZeneca) se tive muita reação depois na primeira dose?,covid
Posso fazer um teste de anticorpos para saber se estou imunizado (protegido) contra a Covid-19 depois de tomar a vacina?,covid
Sou gestante e tomei a primeira dose da vacina Covid-19 da Fiocruz (AstraZeneca). Qual vacina devo tomar na segunda dose?,covid
Devo ficar isolado por quanto tempo se o meu teste PCR deu positivo?,covid
O que é Farmacovigilância?,covid
Por que o meu teste sorológico deu negativo se eu já tive Covid-19?,covid
Vejo muitas pessoas que fazem teste de farmácia e têm resultados errados. Por quê?,covid
Quanto tempo após a aplicação da vacina a pessoa desenvolve imunidade à Covid-19? Por quanto tempo fica imune?,covid
Existe algum risco de eu ser infectado pelo novo coronavírus por tomar a vacina Covid-19 da Fiocruz?,covid
Que reações posso ter depois de tomar a vacina Covid-19 da Fiocruz (AstraZeneca)?,covid
Quem não deve tomar a vacina AstraZeneca da Fiocruz?,covid
Como é aplicada a vacina Covid-19 da Fiocruz (AstraZeneca)?,covid
Por que a Fiocruz/Ministério da Saúde escolheu a vacina da Universidade de Oxford/AstraZeneca para ser produzida no Brasil?,covid
Posso continuar amamentando o meu filho mesmo estando com Covid-19?,covid
Qual a diferença entre isolamento vertical horizontal e lockdown?,covid
Animais domésticos podem contrair ou transmitir o novo coronavírus?,covid
Posso ter sintomas graves com a Covid-19?,covid
Qual a origem do novo coronavírus?,covid
Posso continuar transmitindo o vírus depois de ter tido Covid-19 e me recuperado?,covid
Posso usar qualquer remédio se tiver sintomas da Covid-19?,covid
O Ministério da Saúde tem uma plataforma para acompanhamento em tempo real da epidemia do novo coronavírus?,covid
Como o coronavírus é transmitido?,covid
Como se prevenir contra o coronavírus?,covid
Qual é a recomendação para quem suspeite que pode estar com Covid-19?,covid
Moro em uma comunidade e preciso sair para trabalhar como posso reforçar a minha imunidade para me proteger da Covid-19?,covid
Como fazer a prevenção entre idosos que precisam de cuidados durante a pandemia de Covid-19?,covid
Como posso me proteger da Covid-19 ao pegar transporte público?,covid
Por que preciso me isolar se não faço parte do grupo de risco para a Covid-19?,covid
Como posso me prevenir da Covid-19 morando num lugar pequeno e com muitas pessoas que saem para trabalhar? Inverter as posições na cama ajuda?,covid
Moro com uma pessoa do grupo de risco. Como posso protegê-la da Covid-19?,covid
Que medidas devem ser seguidas por passageiros e motoristas de transporte coletivo como ônibus mototáxis e vans na pandemia de Covid-19?,covid
Pessoas com doenças de pele como erisipela e urticária fazem parte do grupo de risco para a Covid-19?,covid
Como posso fortalecer minha imunidade para me proteger do novo coronavírus?,covid
Como devo me portar no atendimento ao público durante a pandemia de Covid-19?,covid
Limpar a casa com água sanitária misturada com água e algum detergente e desinfetante mata o coronavírus?,covid
Caso alguma pessoa da minha casa receba a recomendação médica de fazer quarentena por suspeita de Covid-19 como proteger os demais moradores?,covid
Quem mora com pessoas do grupo de risco também pode ser considerado do grupo de risco para a Covid-19?,covid
Como se prevenir da Covid-19 tendo que sair para trabalhar e morando em casas pequenas com muitas pessoas? Isso já não é uma aglomeração?,covid
Corro mais risco de ter uma forma grave de Covid-19 por ser fumante?,covid
A vacina contra o coronavírus aplicada em cachorros pode ser adaptada para humanos?,covid
Como deve ser feito o período de quarentena em casa para quem está com sintomas de Covid-19?,covid
Devo interromper a medicação e o tratamento para outras doenças que tenho se pegar Covid-19?,covid
Como diferenciar uma crise alérgica dos sintomas do coronavírus? Todo infectado que manifesta sintomas terá febre?,covid
Por que não são apenas as pessoas do grupo de risco que precisam ficar isoladas durante a pandemia?,covid
Quais são as pessoas consideradas como grupo de risco para Covid-19?,covid
Lavar as mãos com pouca água elimina o novo coronavírus?,covid
Podemos levar água e sabão para a rua como alternativa ao álcool gel na pandemia de Covid-19?,covid
É preciso ter algum cuidado especial com as roupas na pandemia de Covid-19?,covid
É possível se infectar com o novo coronavírus através da relação sexual?,covid
A Organização Mundial de Saúde (OMS) disse que notas de dinheiro carregam Covid-19?,covid
Em quanto tempo uma pessoa infectada de forma leve estará curada da Covid-19?,covid
Tomar vitamina C e própolis ajuda a pessoa a se prevenir do novo coronavírus?,covid
Podemos colocar gel de cabelo no álcool 70 líquido para nos proteger do novo coronavírus?,covid
Tem alguma temperatura em que o novo coronavírus não resista?,covid
Como se dá o atendimento em postos de saúde a pacientes suspeitos de coronavírus?,covid
Qual é a orientação para viajantes que retornaram de viagem internacional neste momento da pandemia de Covid-19?,covid
Por que a doença causada pelo novo coronavírus recebeu o nome de Covid-19?,covid
O coronavírus foi criado em laboratório e é semelhante ao vírus HIV?,covid
Chá de abacate com hortelã mel uísque ou outras substâncias previnem a infecção pelo coronavírus?,covid
Antibióticos são eficazes na prevenção ou tratamento da Covid-19?,covid
A pessoa pode transmitir o coronavírus mesmo sem apresentar sintoma?,covid
O novo coronavírus é o mesmo que os vírus Sars ou Mers?,covid
Lamber selo contamina?,covid
Quais os sintomas da covid-19 ?,covid
Quanto tempo a pessoa fica imune após a contaminação?,covid
Quais foram os países com mais casos da doença e quais os que mais tiveram mortes decorrentes da covid?,covid
Quantas pessoas morreram no Brasil de Covid após terem tomado a primeira dose?,covid
Quantas doses da vacina eu devo tomar?,covid
Quantas pessoas morreram de Covid após terem tomado a segunda dose dose?,covid
A partir de qual dia do ciclo da doença a pessoa para de transmitir?,covid
A COVID-19 será uma enfermidade permanente como a gripe?,covid
Quais são os principais sintomas da COVID-19?,covid
Quantas pessoas morreram de Covid após terem tomado a terceira dose?,covid
A vacina de covid tem chip?,covid
Vias respiratórias saliva,covid
Quem atualmente está indo a óbito por Covid?,covid
Corremos o risco da Covid voltar ainda mais grave?,covid
A dexametasona é eficaz no tratamento de COVID-19?,covid
Você acha que você se infectou por Covid-19 no trabalho?,covid
Como está a.posicionamento de infecções e mortes por COVID no mundo.,covid
Qual seria o tratamento preventivo para a COVID-19?,covid
Covid é sexualmente transmissível?,covid
Existe tratamento pra Covid-19?,covid
Quantas vezes posso pegar Covid-19?,covid
Quantas doses de vacina da Covid-19 devemos tomar? ,covid
Já pegou covid? ,covid
Quais os sintomas da COVID-19,covid
Qual variante está mais ativa no Brasil atualmente? ,covid
Qual aspecto de maior dificuldade no enfrentamento da pandemia?,covid
Quais foram as medidas mais eficazes até o momento para evitar a disseminação da Covid-19?,covid
Como previnir a COVID-19?,covid
Como posso saber se estou protegido das variantes da Covid 19 usando apenas vacinas que foram feitas Para as variantes iniciais?,covid
Teve sintomas de gripe / COVID nos últimos 4 dias?,covid
É possível contrair COVID-19 por alimentos contaminados?,covid
Um hóspede pode contrair COVID-19 através de lençóis e toalhas?,covid
A covid é uma DST ?,covid
Além de complicações respiratórias que outros problemas a COVID-19 pode causar?,covid
Qual a taxa atual de transmissibilidade da COVID-19?,covid
Quando iniciou a covid 19,covid
Vc teve alguém próximo que faleceu em decorrência do COVID19?,covid
Qual a principal sequela do COVID-19?,covid
Os sintomas de COVID-19 surgem a partir de quanto tempo após a infecção?,covid
O que é COVID-19?,covid
Qual a taxa de transmissão do covid hoje?,covid
Existem fármacos para prevenir o contágio de covid? ,covid
Quais são os sintomas do covid-19?,covid
Quais estudos científicos comparam as sequelas da Covid-19 com às da vacina?,covid
Qual o páis onde surgiu o vírus da COVID-19?,covid
Quais os sintomas mais comuns da COVID-19?,covid
Qual o agente que desencadeia os sintomas da COVID-19?,covid
Quais países registraram os maiores números de vítimas fatais da CODIV-19?,covid
Quais os sintomas da vacina da faizer?,covid
A máscara de tecido protege da contaminação ,covid
Ela veio pra ficar?,covid
Quais vacinas disponíveis pra covid 19?,covid
o que se sabe sobre o coronavirus?,covid
Quais sintomas da covid?,covid
O Coronavirus fica inerte após a vacina?,covid
A covid-19 pode deixar sequela a médio e longo-prazo - covid-19 longa? ,covid
A covid ataca somente idosos?,covid
A tuberculose coloca a pessoa em um grupo de risco para Covid-19?,tuberculose
Como se contrai a tuberculose?,tuberculose
Qualquer pessoa corre risco de contágio mesmo que tenha tomado a vacina BCG em criança?,tuberculose
Como se faz o diagnóstico da tuberculose?,tuberculose
A tuberculose tem cura?,tuberculose
Por que é que os medicamentos têm de ser tomados na presença de um profissional de saúde?,tuberculose
A tuberculose é um problema de saúde pública?,tuberculose
Qual é a situação em Portugal?,tuberculose
É possível pensar na erradicação da doença?,tuberculose
Há algum grupo mais vulnerável à tuberculose?,tuberculose
O que acontece se o tratamento for interrompido antes do fim?,tuberculose
Como se prevenir?,tuberculose
A tuberculose é grave?,tuberculose
Como está a tuberculose em nosso meio?,tuberculose
Como a tuberculose passa de uma pessoa para outra?,tuberculose
 Quem transmite e quem não transmite a tuberculose?,tuberculose
 Quem está mais arriscado a contrair tuberculose?,tuberculose
O que é mais provável: resistir ou adoecer?,tuberculose
Como o organismo se defende da tuberculose?,tuberculose
Como se faz a suspeita de tuberculose?,tuberculose
Quais são os exames para o diagnóstico ?,tuberculose
Em que consistem a baciloscopia de escarro e a cultura?,tuberculose
Qual a utilidade do exame de Raios X de Tórax?,tuberculose
Para que serve o teste de PPD?,tuberculose
Onde procurar o doente de tuberculose?,tuberculose
Como é o tratamento e o que é DOTS?,tuberculose
Quais são os medicamentos utilizados?,tuberculose
É necessário algum cuidado especial?,tuberculose
O que deve ser feito na 1ª consulta?,tuberculose
Como fazer o controle do tratamento na Unidade de Saúde ?,tuberculose
O que é doente faltoso?,tuberculose
O que fazer com o doente faltoso?,tuberculose
Como melhorar a adesão ao tratamento?,tuberculose
Quais são os cuidados com a família do doente?,tuberculose
Pode-se prevenir a tuberculose?,tuberculose
O que é vacina BCG?,tuberculose
Em que consiste a quimioprofilaxia?,tuberculose
Como melhorar o controle da tuberculose em sua Unidade de Saúde?,tuberculose
Qual é o impacto do Programa de Controle da Tuberculose?,tuberculose
Que partes do corpo afetadas pela tuberculose?,tuberculose
Como o bacilo entra no organismo?,tuberculose
Quando devo consultar um médico?,tuberculose
Existem outras doenças com sintomas semelhantes?,tuberculose
Você recebe a vacina contra a tuberculose?,tuberculose
É possível tornar-se resistentes às drogas?,tuberculose
Quais são as regiões do mundo em maior risco?,tuberculose
Está associado com HIV e AIDS com tuberculose?,tuberculose
Em que casos podemos falar de uma tuberculose pulmonar contagiosa?,tuberculose
Quanto tempo dura o contágio de uma pessoa com tuberculose pulmonar contagiosa?,tuberculose
O que é uma infecção tuberculosa latente?,tuberculose
Fui vacinado. Posso ficar contagiado na mesma?,tuberculose
Tive contacto com uma pessoa com tuberculose pulmonar. O que devo fazer?,tuberculose
Fui contagiado. Qual é o risco de vir a sofrer de tuberculose mais tarde?,tuberculose
Porque é que o teste cutâneo de tuberculina e/ou a análise ao sangue em pessoas com idade superior a doze anos só é efectuado oito semanas após o último contacto com uma pessoa com tuberculose pulmonar contagiosa?,tuberculose
Fui contagiado. Posso pôr em risco a saúde de outras pessoas?,tuberculose
Posso ser tratado se estiver contagiado?,tuberculose
O resultado da análise ao sangue é positivo. O que significa isto e o que acontece agora?,tuberculose
Tive contacto com uma pessoa com tuberculose não pulmonar. O que devo fazer?,tuberculose
Para além do Departamento Especializado em Tuberculose (Fachstelle Tuberkulose) existe um ponto de contacto na Suíça para perguntas relacionadas com a tuberculose?,tuberculose
Qual é o processo de teste às pessoas mais próximas?,tuberculose
Qual população mais vulnerável?,tuberculose
A população indígena é vulnerável?,tuberculose
As pessoas em situação de rua são vulneráveis?,tuberculose
Como conter a tuberculose em presídios?,tuberculose
Os idosos são mais vulneráveis?,tuberculose
Outras espécies de seres vivos podem pegar e transmitir tuberculose?,tuberculose
Qual período de incubação da doença?,tuberculose
O que é Baciloscopia direta?,tuberculose
Existe teste rápido para tuberculose?,tuberculose
Estou sentindo falta de ar pode ser tuberculose?,tuberculose
estou tossindo sangue é sinal de tuberculose?,tuberculose
Como descobrir se eu tenho tuberculose?,tuberculose
 A tuberculose ataca outras regiões do corpo?,tuberculose
Usar máscaras protege da tuberculose?,tuberculose
Quanto tempo uma pessoa vive com tuberculose?,tuberculose
Quais os tipos de Tuberculose?,tuberculose
O que é tuberculose extrapulmonar?,tuberculose
Estou com febre a 3 dias pode ser tuberculose?,tuberculose
Quais fatores de risco da Tuberculose?,tuberculose
Qual bactéria causa tuberculose?,tuberculose
Quem tem diabetes tem mais risco de ter tuberculose?,tuberculose
O que é TB-MDR?,tuberculose
A tuberculose está erradicada?,tuberculose
Uma mesma pessoa pode contrair covid e tuberculose ao mesmo tempo?,tuberculose
A tuberculose vai me mata,tuberculose
estou tussino muinto pode ser turbeculosi,tuberculose
meu medico disse que estou com tuberculosi isso tem cura!,tuberculose
você sabe se a criança vasinada pega tuberculossi?,tuberculose
minha prima esta com tuberculose e eu acho que peguei dela como sabe se é verdade!,tuberculose
como sei que nao é covid e é tuberculos,tuberculose
minha mae esta tussinu sangue sera que é tuberculosi,tuberculose
eu to tomano remedio a 3 dias e nao melhora a tuberculosi,tuberculose
voce sabe me dizer onde é o posto que trata tuberculose,tuberculose
Quanto tempo de vida eu tenho por estar tossinu sangue,tuberculose
como pega a tuberculosi,tuberculose
se eu tomar a vacina da crianca eu nao pego tuberculosi,tuberculose
chá de boldo é bom pra tuberculosi?,tuberculose
Fazer inalação com berotec ajuda na tuberculosi?,tuberculose
Pode beber fazendo o tratamento da tuberculose?,tuberculose
se eu não for no postinho o tratamento é cancelado?,tuberculose
Comu eu sei que o remédiu que a doutoura passou vai me ajudá?,tuberculose
Como adquirir?,tuberculose
Quais os sintomas da tuberculose?,tuberculose
Qual a forma de contaminação?,tuberculose
Existe vacina para essa doença? É uma doença tratável? ,tuberculose
Quantas pessoas morrem por ano no Brasil de turbeculose?,tuberculose
Tuberculose ainda causa muitas mortes no Brasil?,tuberculose
Quando foi descoberta a vacina contra turbeculose?,tuberculose
Quais os tipos de tuberculose,tuberculose
A Tuberculose foi erradicada no Brasil?,tuberculose
Qual é a bacteria responsável pela tuberculose? ,tuberculose
Quando surgiu o primeiro caso de turbeculose?,tuberculose
Febre Bonfim da tarde é sintoma de tuberculose?,tuberculose
Como tratar a tuberculose?,tuberculose
Onde e que. Estão sob maior risco de adoecer por tuberculose?,tuberculose
Foi erradicada? Ou existem muitos casos mas não são divulgados?,tuberculose
Há algum grupo mais vulnerável à tuberculose?,tuberculose
Você acha que você se infectou por tuberculose no trabalho?,tuberculose
Quantas pessoas se infectam e morrem por conta de tuberculose no Brasil?,tuberculose
A tuberculose tem tratamento?,tuberculose
Tuberculose pega pela água?,tuberculose
Quais fatores de risco para adquirir tuberculose?,tuberculose
Existe vacina para tuberculose?,tuberculose
Qual a forma de contágio da tuberculose? ,tuberculose
Já teve tuberculose? ,tuberculose
Como é transmitida a Tuberculose?,tuberculose
Onde estão os hospitais de referência para tratamento? ,tuberculose
Como se dá o contágio da tuberculose?,tuberculose
Quantas pessoas contraíram tuberculose no último ano?,tuberculose
Quais os sintomas da tuberculose? ,tuberculose
Qual o protocolo de acompanhamento dos acometidos por tuberculose?,tuberculose
Apresenta sintomas de tosse?,tuberculose
A tuberculose é contraída através de utensílios de banho?,tuberculose
É possível contrair tuberculose através de alimentos?,tuberculose
A tuberculose é uma DST ?,tuberculose
Quais órgãos são diretamente afetados pela tuberculose?,tuberculose
Quais tratamentos são mais eficazes contra a Tuberculose?,tuberculose
Qual a incidência de tuberculose no Brasil rasil,tuberculose
Você já teve ou conhece alguém que teve tuberculose?,tuberculose
Ainda há mortes registradas em decorrência da tuberculose?,tuberculose
Quais os sintomas da Tuberculose?,tuberculose
Tuberculose pode matar?,tuberculose
Quais são os sintomas da tuberculose?,tuberculose
Preciso me isolar após diagnóstico da tuberculose?,tuberculose
Quais são sintomas da tuberculose?,tuberculose
Quais as sequelas da tuberculose?,tuberculose
Qual o percentual de crianças vacinadas no país no ano de 2022?,tuberculose
Existe vacina para a tuberculose?,tuberculose
Existe tratamento eficaz para tuebertulose?,tuberculose
Qual medicamento é mais indicado para o tratamento da tuberculose?,tuberculose
Existe vacina pra tuberculose?,tuberculose
Porque a doença está voltando com toda força?,tuberculose
Em que a tecnologia pode ajudar na prevenção desta doença?,tuberculose
ao fazer o tratamento a tuberculose é curada completamente?,tuberculose
Qual o vírus causador da tuberculose?,tuberculose
Tuberculose mata?,tuberculose
A tosse é o único sintoma da tuberculose?,tuberculose
Como funciona o tratamento da tuberculose?,tuberculose
Qual exame para detectar a doença?,tuberculose
Como devem ser feitas as limpezas de superficies para evitar a covid?,seloturismo
Qualquer sabão serve para higienizar na pandemia de Covid-19?,seloturismo
É preciso ter algum cuidado especial com as roupas de cama na pandemia de Covid-19?,seloturismo
Como conseguir obter o selo de turismo responsável?,seloturismo
Existe orientações aos turistas sobre o selo?,seloturismo
Como saber quais estabelecimentos possuem o selo?,seloturismo
Quais protocolos devem ser seguidos para garantis a higiene?,seloturismo
Se eu for a um estabelecimento com selo e não cumprirem o protocolo posso denunciar?,seloturismo
Onde denuncio estabelecimentos que não cumprem os protocolos?,seloturismo
Como deve ser o atendimento aos turistas?,seloturismo
Se um hospede estiver contaminado com covid o que o estabelecimendo deve fazer?,seloturismo
Há fiscalização dos locais que possuem o selo?,seloturismo
Qual órgão fiscalizador do selo de turismo?,seloturismo
Como fica a parte de alimentação em estabelecimentos com selo?,seloturismo
Como deve ser a ventilação dos estabelecimentos com o selo de turismo?,seloturismo
Esse selo se aplica apenas aos estabelecimentos ou aos meios de transporte de turismo também?,seloturismo
Em áreas abertas também existem protocolos a serem seguidos?,seloturismo
Como deve ser a higienização de veículos de locadoras?,seloturismo
As agencias de viagem também devem seguir os protocolos?,seloturismo
Se o turista não quiser seguir os protocolos o estabelecimento pode fazer algo?,seloturismo
O que o selo representa para o turismo brasileiro?,seloturismo
O estabelecimento deve pagar alguma taxa para obter o selo?,seloturismo
Quanto tempo leva para meu selo ser liberado?,seloturismo
Qual a vigencia do selo?,seloturismo
Qual critério o Mtur usou para criar o selo?,seloturismo
Qual diferencial do estabelecimento que adquirir o selo?,seloturismo
Qual registro necessário para se obter o selo?,seloturismo
Como aderir ao selo?,seloturismo
Existe protocolo a ser seguido pelos turistas?,seloturismo
Onde acha os termos do selo turismo?,seloturismo
A anvisa participou do processo de liberação do selo?,seloturismo
Os motoristas devem seguir algum padrão?,seloturismo
O úber é obrigado a seguir os protocolos?,seloturismo
Como funciona o checkin nos hoteis?,seloturismo
Pode ter mais de uma pessoa no mesmo quarto?,seloturismo
Como saber se o selo é válido?,seloturismo
tenho cchanci de pegar covd no lugar com o selo?,seloturismo
encontrei meu quarto sujo e o lugar tinha o selo de turismo um absurdo issu,seloturismo
vou precisar usar máscara ainda nos hoteis?,seloturismo
é obrigado apresentar o comprovante de vacinação nos hoteis que eu vou?,seloturismo
Tenho desconto no lugar com o selo turismo?,seloturismo
o hotel que fui não separou os horarios do cafe da manha então num vale nada esse selo,seloturismo
se eu não cumprir as normas eu posso ser expulso?,seloturismo
a moça da recepção estava sem máscara e veio falar comigo. Onde denuncio?,seloturismo
como pedir carro somente de quem tem selo?,seloturismo
os alimentos adquiridos no lugar que tem selo é seguro?,seloturismo
eu posso ir pra piscina sem mascara?,seloturismo
como vou saber se o selo está vencido?,seloturismo
O que é esse tal de selo de turistas?,seloturismo
Eu preciso ir de máscara pra fora do hotel também ou só no hotel mesmo?,seloturismo
para viagens internacionais também existem locais com o selo?,seloturismo
Caso eu contraia a covid em um local com selo eu serei indenizado?,seloturismo
O Magistério do turista está fiscalizando esses selos?,seloturismo
o mturista que dá esse selo pros hotels?,seloturismo
se eu nao quiser ir pra um lugar com esse selu eu possu?,seloturismo
porque esse selo é obrigado?,seloturismo
se eu levar meu proprio alimento e bebidas de casa vai ter que higienizar?,seloturismo
tenho chances de contrair covid na banheira de hidromassagem?,seloturismo
Achei uma mascara usada no meu quarto de hotel em caldas novas o que eu faco?,seloturismo
posso beber na beira piscina com lugares de selo turismo?,seloturismo
sabem me dizer se no lugar que tem esse selo pode entrar com bebida alcólica?,seloturismo
mais uma palhaçada desse desgoverno bolsonaro,seloturismo
a covid já acabou e ainda estao inventando geito de arrancar dinheiro dos turista,seloturismo
Meu marido disse que não estão fiscalizando esse selo nos lugares que ele viaja?,seloturismo
Posso comer tranquila nesses locais que tem o selo?,seloturismo
Se eu for com meu marido posso ficar no mesmo quarto que ele?,seloturismo
Há restrição de idade nos locais com selo de turismo ?,seloturismo
Muito legal essa iniciativa de ter um selo de higiene. Já viajei para muito lugar que era imundo!,seloturismo
Há alguma orientação para pessoas idosas?,seloturismo
esse selo é gratuito?,seloturismo
Tenho que pagar mais para ir em um local com esse selo de turistas?,seloturismo
Sabem me informar onde eu consulto esses selos?,seloturismo
Tem alguma restrição para cachorro?,seloturismo
Se eu fretar uma van para viajar vou ter que tirar esse selo aí?,seloturismo
Lá em rio de janeiro não obedecem esse selo aí?],seloturismo
Não to consiguino ler esse código da placa do selo pode mim ajudá?,seloturismo
Pra que serve issu?,seloturismo
Fui para rio de janeiro no hotel do lebron e não trocaram os forro de cama todos os dias. um absurdo isso. Deviam cancelar o selo do hotel sheraton,seloturismo
Esse selo tras um conforto pra agente. tudo muito limpo e organizado,seloturismo
A praça de alimentação do shopping também deve ter esse selo?,seloturismo
Como adquiro esse selo no meu estabelecimento?,seloturismo
Quem faz a adesão ganha uma placa?,seloturismo
Tem alguma fiscalização prévia do ministério do turismo para aderir o selo?,seloturismo
a pandemia já acabou. O selo ainda serve?,seloturismo
Com essas restriçoes daqui a pouco o comércio quebra. Pra que isso?,seloturismo
Não tem como eu deixar um assento livre na minha van eu perco dinheiro. Como eu faço pra ter o selo sem isso?,seloturismo
Nunca tem alcool gel nos lugares que precisam. Essa fiscalizacao nao tá funcionanando nao,seloturismo
Podes me informar onde vejo a lista de hoteis com selo?,seloturismo
Quais estados já tem o selo?,seloturismo
Pra onde posso ir e ter certeza de que está higienizado,seloturismo
Nunca deu certo essa fiscalização. No hotel que fui ninguem usou mascara nem na hora do cafe da manha,seloturismo
"Muitos estabelecimentos desconhecem esse selo. Deveriam divulgar mais""",seloturismo
A iniciativa é muito legal mas ninguém fiscaliza,seloturismo
A anvisa vai multar os estabelecimentos sem alcool gel?,seloturismo
Como saber se o hotel que estou tem esse selo?,seloturismo
Sou motorista de uber. como entro na lista de carros que tem o selo?,seloturismo
Minha filha é autista e não usa máscara a atendente do hotel disse que era obrigatório por causa desse selo. Onde eu devo reclamar?,seloturismo
Não faz nenhum sentido esse selo. A pandemia já acabou mesmo. ,seloturismo
Só inventam isso para tirar dinheiro do povo,seloturismo
O selo de turistas é obrigatorio em caldas novas também?,seloturismo
Esse selo est[a sendu cobrado onde?,seloturismo
Qual é o preço?,seloturismo
O que é selo de turismo responsável?,seloturismo
O que é Selo Turismo Responsável?,seloturismo
Como receber o selo Turismo responsável? Quais são os critérios para obtenção do selo? Quais as vantagens de possuir esse selo?,seloturismo
O que é o Selo Turismo Responsável? ,seloturismo
O que é o selo turismo?,seloturismo
Quando foi criado o Selo Turismo Responsavel??,seloturismo
Para que serve o selo turismo responsavel?,seloturismo
O quanto em valores monetários o selo turismo pode colaborar para o PIB de uma região?,seloturismo
O selo Turismo Responsável é obrigatório?,seloturismo
Que tipos de estabelecimentos podem ter o Selo Turismo Responsável ,seloturismo
Qual é o benefício de ganhar o selo de turismo responsável?,seloturismo
O que é Selo Turismo Responsável?,seloturismo
Como funciona o selo?,seloturismo
Acessível a todos?,seloturismo
Como obter acesso ao selo?,seloturismo
A saúde e segurança dos trabalhadores do setor hoteleiro e de turismo em relação a Covid-19 deveria ser levado em consideração ao se conceder o Selo Turismo?,seloturismo
Quais os países que incentivam o uso do Selo?,seloturismo
O que é o Seli Turismo Responsável?,seloturismo
Quais cidades tem o selo?,seloturismo
O que é selo turismo?,seloturismo
O que é o Selo Turismo?,seloturismo
O que é o Selo Turismo responsável? ,seloturismo
O que é selo turismo? ,seloturismo
O que é o Selo Turismo Responsável?,seloturismo
Quais os critérios para obtenção e manutenção do selo? ,seloturismo
A quem compete atribuir um selo turismo responsável?,seloturismo
Quem pode utilizar o selo turismo?,seloturismo
O que é o Selo turismo responsável? ,seloturismo
Quais regiões do Brasil estão investindo mais em turismo responsável?,seloturismo
O que é o Selo Turismo Responsável?,seloturismo
Como um estabelecimento pode obter o Selo Turismo Responsável?,seloturismo
O Selo Turismo Responsável é concedido por um prazo determinado?,seloturismo
Ligares em que ha este simbolo tem trabalho para combater o turismo sexual infantil?,seloturismo
Quais são os critérios para se obter o Selo Turismo Responsável?,seloturismo
Como saber se o local que desejo ir tem o Selo Turismo?,seloturismo
Quem emite o selo turismo,seloturismo
Você sabe o que é selo turismo responsável?,seloturismo
Qual o principal indicador para obtenção do selo?,seloturismo
O Selo Turismo está disponível para quais tipos de estabelecimentos??,seloturismo
Aonde eu devo ir nas próximas férias?,seloturismo
Pra que serve o selo?,seloturismo
Os prestadores de serviços turísticos estão seguindo os protocolos? ,seloturismo
Como faz para ter direito ao selo?,seloturismo
Para que serve o selo turismo responsável?,seloturismo
Estabelecimentos com o selo turismo responsável tem preços dos produtos ao consumidor maior que os estabelecimentos sem este selo?,seloturismo
Para que serve o Selo Turismo Responsável?,seloturismo
Como obter o selo Turismo Responsavel?,seloturismo
Quais as vantagens de se obter o Selo do Turismo Responsável?,seloturismo
Como saber se o hotel que quero reservar está na lista?,seloturismo
Qual mensagem vai ser usada neste selo?,seloturismo
Será bem elaborada para não servi de discriminação ?,seloturismo
O selo turismo ficará para sempre ou será somente na pandemia?,seloturismo
Quais os protocolos de higiene do selo turismo?,seloturismo
O selo turismo se aplica a qualquer setor?,seloturismo
Quais estados já aderiram o selo turismo?,seloturismo
Qual seria a estratégia mais efetiva para o uso do selo?,seloturismo
Quando acaba o programa?,seloturismo